Instance,Terminal,Layer,X location,Y location,Voltage
FILLER_45_324,VDD,Metal1,188.7200,192.0800,4.999999
FILLER_45_308,VDD,Metal1,184.2880,192.7720,4.999999
FILLER_45_274,VDD,Metal1,169.7955,192.8485,4.999999
FILLER_45_240,VDD,Metal1,150.7555,192.8485,4.999998
FILLER_45_206,VDD,Metal1,131.7155,192.8485,4.999998
FILLER_45_172,VDD,Metal1,112.6755,192.8485,4.999998
FILLER_45_169,VDD,Metal1,101.6400,192.0800,4.999998
FILLER_45_152,VDD,Metal1,92.1200,192.0800,4.999998
FILLER_45_150,VDD,Metal1,91.2800,192.0800,4.999998
FILLER_45_146,VDD,Metal1,89.9800,192.5125,4.999998
FILLER_45_138,VDD,Metal1,86.7465,192.6565,4.999998
FILLER_45_104,VDD,Metal1,74.5955,192.8485,4.999998
FILLER_45_70,VDD,Metal1,55.5555,192.8485,4.999998
FILLER_45_36,VDD,Metal1,36.5155,192.8485,4.999998
FILLER_45_2,VDD,Metal1,17.4755,192.8485,4.999998
FILLER_44_325,VDD,Metal1,189.0000,192.0800,4.999999
FILLER_44_317,VDD,Metal1,186.9865,191.5030,4.999999
FILLER_44_313,VDD,Metal1,182.5600,192.0800,4.999999
FILLER_44_305,VDD,Metal1,180.2665,191.5030,4.999999
FILLER_44_273,VDD,Metal1,169.2355,191.3110,4.999999
FILLER_44_259,VDD,Metal1,152.3200,192.0800,4.999998
FILLER_44_255,VDD,Metal1,151.0200,191.6475,4.999998
FILLER_44_247,VDD,Metal1,147.7865,191.5030,4.999998
FILLER_44_241,VDD,Metal1,143.1800,191.6475,4.999998
FILLER_44_177,VDD,Metal1,124.4750,191.2655,4.999998
FILLER_44_171,VDD,Metal1,103.9800,191.6475,4.999998
FILLER_44_163,VDD,Metal1,100.7465,191.5030,4.999998
FILLER_44_133,VDD,Metal1,81.4800,192.0800,4.999998
FILLER_44_131,VDD,Metal1,80.6400,192.0800,4.999998
FILLER_44_123,VDD,Metal1,78.3465,191.5030,4.999998
FILLER_44_107,VDD,Metal1,71.7280,191.3880,4.999998
FILLER_44_103,VDD,Metal1,64.9600,192.0800,4.999998
FILLER_44_99,VDD,Metal1,63.6600,191.6475,4.999998
FILLER_44_91,VDD,Metal1,60.4265,191.5030,4.999998
FILLER_44_85,VDD,Metal1,54.6000,192.0800,4.999998
FILLER_44_53,VDD,Metal1,46.0355,191.3110,4.999998
FILLER_44_18,VDD,Metal1,17.0800,192.0800,4.999998
FILLER_44_2,VDD,Metal1,12.9280,191.3880,4.999998
FILLER_43_325,VDD,Metal1,189.0000,184.2400,4.999986
FILLER_43_321,VDD,Metal1,187.9800,184.6725,4.999986
FILLER_43_290,VDD,Metal1,169.6800,184.2400,4.999986
FILLER_43_282,VDD,Metal1,167.3865,184.8165,4.999986
FILLER_43_250,VDD,Metal1,147.0000,184.2400,4.999985
FILLER_43_242,VDD,Metal1,144.9865,184.8165,4.999985
FILLER_43_212,VDD,Metal1,125.7200,184.2400,4.999984
FILLER_43_209,VDD,Metal1,124.0400,184.2400,4.999978
FILLER_43_207,VDD,Metal1,123.2000,184.2400,4.999978
FILLER_43_199,VDD,Metal1,120.9065,184.8165,4.999978
FILLER_43_154,VDD,Metal1,93.2400,184.2400,4.999978
FILLER_43_150,VDD,Metal1,92.2200,184.6725,4.999978
FILLER_43_142,VDD,Metal1,88.9865,184.8165,4.999978
FILLER_43_136,VDD,Metal1,84.3800,184.6725,4.999977
FILLER_43_128,VDD,Metal1,81.1465,184.8165,4.999977
FILLER_43_82,VDD,Metal1,52.9200,184.2400,4.999977
FILLER_43_80,VDD,Metal1,52.0800,184.2400,4.999977
FILLER_43_72,VDD,Metal1,49.7865,184.8165,4.999977
FILLER_43_65,VDD,Metal1,43.4000,184.2400,4.999977
FILLER_43_57,VDD,Metal1,41.3865,184.8165,4.999977
FILLER_42_325,VDD,Metal1,189.0000,184.2400,4.999986
FILLER_42_317,VDD,Metal1,186.9865,183.6630,4.999986
FILLER_42_307,VDD,Metal1,181.3865,183.6630,4.999986
FILLER_42_298,VDD,Metal1,173.8800,184.2400,4.999986
FILLER_42_296,VDD,Metal1,173.0400,184.2400,4.999986
FILLER_42_280,VDD,Metal1,168.6080,183.5480,4.999986
FILLER_42_263,VDD,Metal1,154.2800,184.2400,4.999985
FILLER_42_247,VDD,Metal1,150.1280,183.5480,4.999985
FILLER_42_244,VDD,Metal1,143.6400,184.2400,4.999984
FILLER_42_220,VDD,Metal1,130.4800,184.2400,4.999984
FILLER_42_216,VDD,Metal1,129.1800,183.8075,4.999984
FILLER_42_208,VDD,Metal1,125.9465,183.6630,4.999984
FILLER_42_192,VDD,Metal1,119.3280,183.5480,4.999978
FILLER_42_145,VDD,Metal1,88.2000,184.2400,4.999978
FILLER_42_141,VDD,Metal1,87.1800,183.8075,4.999978
FILLER_42_104,VDD,Metal1,65.2400,184.2400,4.999977
FILLER_42_96,VDD,Metal1,63.2265,183.6630,4.999977
FILLER_42_78,VDD,Metal1,53.1465,183.6630,4.999977
FILLER_42_37,VDD,Metal1,28.0000,184.2400,4.999978
FILLER_42_34,VDD,Metal1,26.0400,184.2400,4.999979
FILLER_42_32,VDD,Metal1,25.2000,184.2400,4.999979
FILLER_42_22,VDD,Metal1,19.6000,184.2400,4.999979
FILLER_42_18,VDD,Metal1,18.3000,183.8075,4.999979
FILLER_41_325,VDD,Metal1,189.0000,176.4000,4.999989
FILLER_41_323,VDD,Metal1,188.1600,176.4000,4.999989
FILLER_41_319,VDD,Metal1,186.8600,176.8325,4.999989
FILLER_41_311,VDD,Metal1,183.6265,176.9765,4.999989
FILLER_41_290,VDD,Metal1,169.4000,176.4000,4.999988
FILLER_41_282,VDD,Metal1,167.3865,176.9765,4.999988
FILLER_41_279,VDD,Metal1,163.2400,176.4000,4.999987
FILLER_41_277,VDD,Metal1,162.4000,176.4000,4.999987
FILLER_41_273,VDD,Metal1,161.1000,176.8325,4.999987
FILLER_41_254,VDD,Metal1,149.2400,176.4000,4.999987
FILLER_41_246,VDD,Metal1,147.2265,176.9765,4.999985
FILLER_41_224,VDD,Metal1,132.7200,176.4000,4.999985
FILLER_41_220,VDD,Metal1,131.4200,176.8325,4.999985
FILLER_41_212,VDD,Metal1,128.1865,176.9765,4.999985
FILLER_41_208,VDD,Metal1,123.7600,176.4000,4.999984
FILLER_41_192,VDD,Metal1,119.3280,177.0920,4.999984
FILLER_41_160,VDD,Metal1,105.9555,177.1685,4.999984
FILLER_41_144,VDD,Metal1,87.6400,176.4000,4.999983
FILLER_41_142,VDD,Metal1,86.8000,176.4000,4.999983
FILLER_41_136,VDD,Metal1,84.3800,176.8325,4.999983
FILLER_41_104,VDD,Metal1,74.5955,177.1685,4.999983
FILLER_41_90,VDD,Metal1,57.4000,176.4000,4.999982
FILLER_41_82,VDD,Metal1,52.9200,176.4000,4.999982
FILLER_41_72,VDD,Metal1,47.6000,176.4000,4.999982
FILLER_41_60,VDD,Metal1,41.8200,176.8325,4.999982
FILLER_41_48,VDD,Metal1,33.8800,176.4000,4.999982
FILLER_41_40,VDD,Metal1,29.6800,176.4000,4.999982
FILLER_41_36,VDD,Metal1,28.3800,176.8325,4.999982
FILLER_40_325,VDD,Metal1,189.0000,176.4000,4.999989
FILLER_40_317,VDD,Metal1,186.9865,175.8230,4.999989
FILLER_40_311,VDD,Metal1,182.3800,175.9675,4.999989
FILLER_40_293,VDD,Metal1,171.0800,176.4000,4.999988
FILLER_40_289,VDD,Metal1,170.0600,175.9675,4.999988
FILLER_40_247,VDD,Metal1,146.5400,175.9675,4.999985
FILLER_40_244,VDD,Metal1,143.6400,176.4000,4.999985
FILLER_40_240,VDD,Metal1,142.6200,175.9675,4.999985
FILLER_40_209,VDD,Metal1,124.3200,176.4000,4.999984
FILLER_40_179,VDD,Metal1,107.2400,176.4000,4.999984
FILLER_40_177,VDD,Metal1,106.4000,176.4000,4.999984
FILLER_40_174,VDD,Metal1,104.4400,176.4000,4.999984
FILLER_40_172,VDD,Metal1,103.6000,176.4000,4.999984
FILLER_40_164,VDD,Metal1,101.3065,175.8230,4.999984
FILLER_40_131,VDD,Metal1,81.5800,175.9675,4.999983
FILLER_40_123,VDD,Metal1,78.3465,175.8230,4.999983
FILLER_40_107,VDD,Metal1,71.7280,175.7080,4.999983
FILLER_40_104,VDD,Metal1,65.2400,176.4000,4.999983
FILLER_40_96,VDD,Metal1,63.2265,175.8230,4.999983
FILLER_40_77,VDD,Metal1,51.3400,175.9675,4.999982
FILLER_40_61,VDD,Metal1,45.9680,175.7080,4.999982
FILLER_40_55,VDD,Metal1,37.8000,176.4000,4.999982
FILLER_40_51,VDD,Metal1,36.7800,175.9675,4.999982
FILLER_40_37,VDD,Metal1,27.7200,176.4000,4.999982
FILLER_40_31,VDD,Metal1,25.5800,175.9675,4.999982
FILLER_40_14,VDD,Metal1,14.8400,176.4000,4.999982
FILLER_40_10,VDD,Metal1,13.8200,175.9675,4.999982
FILLER_40_2,VDD,Metal1,10.5865,175.8230,4.999982
FILLER_39_325,VDD,Metal1,189.0000,168.5600,4.999988
FILLER_39_323,VDD,Metal1,188.1600,168.5600,4.999988
FILLER_39_290,VDD,Metal1,170.6200,168.9925,4.999988
FILLER_39_282,VDD,Metal1,167.3865,169.1365,4.999988
FILLER_39_279,VDD,Metal1,163.2400,168.5600,4.999987
FILLER_39_277,VDD,Metal1,162.4000,168.5600,4.999987
FILLER_39_245,VDD,Metal1,153.5555,169.3285,4.999987
FILLER_39_228,VDD,Metal1,134.6800,168.5600,4.999986
FILLER_39_212,VDD,Metal1,130.5280,169.2520,4.999986
FILLER_39_206,VDD,Metal1,123.5800,168.9925,4.999985
FILLER_39_198,VDD,Metal1,120.3465,169.1365,4.999985
FILLER_39_182,VDD,Metal1,108.9200,168.5600,4.999985
FILLER_39_180,VDD,Metal1,108.0800,168.5600,4.999985
FILLER_39_164,VDD,Metal1,103.6480,169.2520,4.999985
FILLER_39_148,VDD,Metal1,89.8800,168.5600,4.999985
FILLER_39_146,VDD,Metal1,89.0400,168.5600,4.999985
FILLER_39_142,VDD,Metal1,87.7400,168.9925,4.999985
FILLER_39_139,VDD,Metal1,84.8400,168.5600,4.999985
FILLER_39_131,VDD,Metal1,82.8265,169.1365,4.999985
FILLER_39_93,VDD,Metal1,60.3000,168.9925,4.999985
FILLER_39_84,VDD,Metal1,54.0400,168.5600,4.999985
FILLER_39_80,VDD,Metal1,53.0200,168.9925,4.999985
FILLER_39_72,VDD,Metal1,49.7865,169.1365,4.999985
FILLER_39_62,VDD,Metal1,44.1865,169.1365,4.999986
FILLER_39_46,VDD,Metal1,37.5680,169.2520,4.999986
FILLER_39_36,VDD,Metal1,27.1600,168.5600,4.999987
FILLER_39_34,VDD,Metal1,26.3200,168.5600,4.999987
FILLER_39_30,VDD,Metal1,25.0200,168.9925,4.999987
FILLER_39_18,VDD,Metal1,18.3000,168.9925,4.999987
FILLER_39_2,VDD,Metal1,12.9280,169.2520,4.999987
FILLER_38_325,VDD,Metal1,189.0000,168.5600,4.999988
FILLER_38_317,VDD,Metal1,186.9865,167.9830,4.999988
FILLER_38_313,VDD,Metal1,182.5600,168.5600,4.999988
FILLER_38_309,VDD,Metal1,181.2600,168.1275,4.999988
FILLER_38_299,VDD,Metal1,174.7200,168.5600,4.999988
FILLER_38_295,VDD,Metal1,173.4200,168.1275,4.999988
FILLER_38_279,VDD,Metal1,168.0480,167.8680,4.999988
FILLER_38_247,VDD,Metal1,154.6755,167.7910,4.999987
FILLER_38_244,VDD,Metal1,143.6400,168.5600,4.999986
FILLER_38_235,VDD,Metal1,138.6000,168.5600,4.999986
FILLER_38_233,VDD,Metal1,137.7600,168.5600,4.999986
FILLER_38_225,VDD,Metal1,135.4665,167.9830,4.999986
FILLER_38_209,VDD,Metal1,128.8480,167.8680,4.999986
FILLER_38_177,VDD,Metal1,115.4755,167.7910,4.999985
FILLER_38_171,VDD,Metal1,103.9800,168.1275,4.999985
FILLER_38_107,VDD,Metal1,85.2750,167.7455,4.999985
FILLER_38_104,VDD,Metal1,65.2400,168.5600,4.999985
FILLER_38_102,VDD,Metal1,64.4000,168.5600,4.999985
FILLER_38_98,VDD,Metal1,63.1000,168.1275,4.999985
FILLER_38_91,VDD,Metal1,57.9600,168.5600,4.999985
FILLER_38_89,VDD,Metal1,57.1200,168.5600,4.999985
FILLER_38_81,VDD,Metal1,54.8265,167.9830,4.999985
FILLER_38_75,VDD,Metal1,49.0000,168.5600,4.999985
FILLER_38_73,VDD,Metal1,48.1600,168.5600,4.999986
FILLER_38_69,VDD,Metal1,46.8600,168.1275,4.999986
FILLER_38_37,VDD,Metal1,37.0755,167.7910,4.999986
FILLER_38_34,VDD,Metal1,26.0400,168.5600,4.999987
FILLER_38_2,VDD,Metal1,17.4755,167.7910,4.999987
FILLER_37_325,VDD,Metal1,189.0000,160.7200,4.999989
FILLER_37_323,VDD,Metal1,188.1600,160.7200,4.999989
FILLER_37_306,VDD,Metal1,178.3600,160.7200,4.999989
FILLER_37_298,VDD,Metal1,176.3465,161.2965,4.999989
FILLER_37_282,VDD,Metal1,169.7280,161.4120,4.999989
FILLER_37_279,VDD,Metal1,163.2400,160.7200,4.999989
FILLER_37_275,VDD,Metal1,162.2200,161.1525,4.999989
FILLER_37_259,VDD,Metal1,156.8480,161.4120,4.999989
FILLER_37_245,VDD,Metal1,144.2000,160.7200,4.999988
FILLER_37_243,VDD,Metal1,143.3600,160.7200,4.999988
FILLER_37_212,VDD,Metal1,126.0000,160.7200,4.999987
FILLER_37_206,VDD,Metal1,123.5800,161.1525,4.999986
FILLER_37_160,VDD,Metal1,96.6000,160.7200,4.999985
FILLER_37_158,VDD,Metal1,95.7600,160.7200,4.999985
FILLER_37_142,VDD,Metal1,86.5200,160.7200,4.999985
FILLER_37_136,VDD,Metal1,84.3800,161.1525,4.999985
FILLER_37_72,VDD,Metal1,65.6750,161.5340,4.999985
FILLER_37_69,VDD,Metal1,45.6400,160.7200,4.999985
FILLER_37_61,VDD,Metal1,43.6265,161.2965,4.999985
FILLER_37_29,VDD,Metal1,32.5955,161.4885,4.999985
FILLER_37_14,VDD,Metal1,14.8400,160.7200,4.999985
FILLER_37_10,VDD,Metal1,13.8200,161.1525,4.999985
FILLER_37_2,VDD,Metal1,10.5865,161.2965,4.999985
FILLER_36_325,VDD,Metal1,189.0000,160.7200,4.999989
FILLER_36_317,VDD,Metal1,186.9865,160.1430,4.999989
FILLER_36_314,VDD,Metal1,182.8400,160.7200,4.999989
FILLER_36_294,VDD,Metal1,171.6400,160.7200,4.999989
FILLER_36_286,VDD,Metal1,169.6265,160.1430,4.999989
FILLER_36_243,VDD,Metal1,143.3600,160.7200,4.999988
FILLER_36_177,VDD,Metal1,108.5865,160.1430,4.999986
FILLER_36_159,VDD,Metal1,96.0400,160.7200,4.999985
FILLER_36_129,VDD,Metal1,79.2400,160.7200,4.999985
FILLER_36_127,VDD,Metal1,78.4000,160.7200,4.999985
FILLER_36_123,VDD,Metal1,77.1000,160.2875,4.999985
FILLER_36_107,VDD,Metal1,71.7280,160.0280,4.999985
FILLER_36_103,VDD,Metal1,64.9600,160.7200,4.999985
FILLER_36_99,VDD,Metal1,63.6600,160.2875,4.999985
FILLER_36_83,VDD,Metal1,58.2880,160.0280,4.999985
FILLER_36_72,VDD,Metal1,47.3200,160.7200,4.999985
FILLER_36_63,VDD,Metal1,42.2800,160.7200,4.999985
FILLER_36_61,VDD,Metal1,41.4400,160.7200,4.999985
FILLER_36_57,VDD,Metal1,40.1400,160.2875,4.999985
FILLER_36_50,VDD,Metal1,35.0000,160.7200,4.999985
FILLER_36_37,VDD,Metal1,28.0000,160.7200,4.999985
FILLER_36_34,VDD,Metal1,26.0400,160.7200,4.999985
FILLER_36_32,VDD,Metal1,25.2000,160.7200,4.999985
FILLER_36_22,VDD,Metal1,20.5400,160.2875,4.999985
FILLER_36_10,VDD,Metal1,13.8200,160.2875,4.999985
FILLER_36_2,VDD,Metal1,10.5865,160.1430,4.999985
FILLER_35_325,VDD,Metal1,189.0000,152.8800,4.999984
FILLER_35_279,VDD,Metal1,163.2400,152.8800,4.999984
FILLER_35_277,VDD,Metal1,162.4000,152.8800,4.999984
FILLER_35_273,VDD,Metal1,161.1000,153.3125,4.999984
FILLER_35_257,VDD,Metal1,155.7280,153.5720,4.999984
FILLER_35_250,VDD,Metal1,147.0000,152.8800,4.999984
FILLER_35_248,VDD,Metal1,146.1600,152.8800,4.999983
FILLER_35_240,VDD,Metal1,143.8665,153.4565,4.999983
FILLER_35_220,VDD,Metal1,131.4200,153.3125,4.999982
FILLER_35_212,VDD,Metal1,128.1865,153.4565,4.999982
FILLER_35_208,VDD,Metal1,123.7600,152.8800,4.999981
FILLER_35_189,VDD,Metal1,114.0600,153.3125,4.999981
FILLER_35_157,VDD,Metal1,104.2755,153.6485,4.999981
FILLER_35_58,VDD,Metal1,39.4800,152.8800,4.999945
FILLER_35_54,VDD,Metal1,38.4600,153.3125,4.999945
FILLER_35_36,VDD,Metal1,28.3800,153.3125,4.999946
FILLER_34_325,VDD,Metal1,189.0000,152.8800,4.999984
FILLER_34_317,VDD,Metal1,186.9865,152.3030,4.999984
FILLER_34_307,VDD,Metal1,181.3865,152.3030,4.999984
FILLER_34_302,VDD,Metal1,176.1200,152.8800,4.999984
FILLER_34_300,VDD,Metal1,175.2800,152.8800,4.999984
FILLER_34_296,VDD,Metal1,173.9800,152.4475,4.999984
FILLER_34_263,VDD,Metal1,155.5000,152.4475,4.999984
FILLER_34_247,VDD,Metal1,150.1280,152.1880,4.999984
FILLER_34_244,VDD,Metal1,143.6400,152.8800,4.999983
FILLER_34_242,VDD,Metal1,142.8000,152.8800,4.999982
FILLER_34_225,VDD,Metal1,133.2800,152.8800,4.999982
FILLER_34_209,VDD,Metal1,128.8480,152.1880,4.999982
FILLER_34_177,VDD,Metal1,115.4755,152.1110,4.999981
FILLER_34_119,VDD,Metal1,73.9200,152.8800,4.999943
FILLER_34_115,VDD,Metal1,72.6200,152.4475,4.999943
FILLER_34_107,VDD,Metal1,69.3865,152.3030,4.999943
FILLER_34_104,VDD,Metal1,65.2400,152.8800,4.999943
FILLER_34_100,VDD,Metal1,64.2200,152.4475,4.999943
FILLER_34_84,VDD,Metal1,58.8480,152.1880,4.999943
FILLER_34_61,VDD,Metal1,41.4400,152.8800,4.999945
FILLER_34_53,VDD,Metal1,39.1465,152.3030,4.999945
FILLER_34_37,VDD,Metal1,30.1865,152.3030,4.999946
FILLER_34_34,VDD,Metal1,26.0400,152.8800,4.999947
FILLER_34_26,VDD,Metal1,24.0265,152.3030,4.999960
FILLER_34_2,VDD,Metal1,12.9280,152.1880,4.999960
FILLER_33_294,VDD,Metal1,171.9200,145.0400,4.999955
FILLER_33_290,VDD,Metal1,170.6200,145.4725,4.999955
FILLER_33_282,VDD,Metal1,167.3865,145.6165,4.999955
FILLER_33_276,VDD,Metal1,162.7800,145.4725,4.999953
FILLER_33_268,VDD,Metal1,159.5465,145.6165,4.999953
FILLER_33_252,VDD,Metal1,152.9280,145.7320,4.999953
FILLER_33_214,VDD,Metal1,126.8400,145.0400,4.999952
FILLER_33_212,VDD,Metal1,126.0000,145.0400,4.999952
FILLER_33_209,VDD,Metal1,124.0400,145.0400,4.999952
FILLER_33_207,VDD,Metal1,123.2000,145.0400,4.999950
FILLER_33_203,VDD,Metal1,121.9000,145.4725,4.999950
FILLER_33_171,VDD,Metal1,112.1155,145.8085,4.999950
FILLER_33_154,VDD,Metal1,93.5200,145.0400,4.999950
FILLER_33_150,VDD,Metal1,92.2200,145.4725,4.999950
FILLER_33_142,VDD,Metal1,88.9865,145.6165,4.999950
FILLER_33_139,VDD,Metal1,84.8400,145.0400,4.999950
FILLER_33_137,VDD,Metal1,84.0000,145.0400,4.999950
FILLER_33_128,VDD,Metal1,78.6800,145.0400,4.999950
FILLER_33_120,VDD,Metal1,76.6665,145.6165,4.999950
FILLER_33_84,VDD,Metal1,54.3200,145.0400,4.999950
FILLER_33_80,VDD,Metal1,53.0200,145.4725,4.999950
FILLER_33_72,VDD,Metal1,49.7865,145.6165,4.999950
FILLER_33_68,VDD,Metal1,45.3600,145.0400,4.999952
FILLER_33_36,VDD,Metal1,36.5155,145.8085,4.999952
FILLER_32_325,VDD,Metal1,189.0000,145.0400,4.999956
FILLER_32_295,VDD,Metal1,173.4200,144.6075,4.999956
FILLER_32_279,VDD,Metal1,168.0480,144.3480,4.999955
FILLER_32_247,VDD,Metal1,154.6755,144.2710,4.999953
FILLER_32_243,VDD,Metal1,143.3600,145.0400,4.999952
FILLER_32_235,VDD,Metal1,141.0665,144.4630,4.999952
FILLER_32_123,VDD,Metal1,76.1600,145.0400,4.999950
FILLER_32_107,VDD,Metal1,71.7280,144.3480,4.999950
FILLER_32_97,VDD,Metal1,63.7865,144.4630,4.999950
FILLER_32_81,VDD,Metal1,57.1680,144.3480,4.999950
FILLER_32_73,VDD,Metal1,47.8800,145.0400,4.999952
FILLER_32_71,VDD,Metal1,47.0400,145.0400,4.999952
FILLER_32_67,VDD,Metal1,45.7400,144.6075,4.999952
FILLER_32_51,VDD,Metal1,40.3680,144.3480,4.999952
FILLER_32_42,VDD,Metal1,30.5200,145.0400,4.999952
FILLER_32_34,VDD,Metal1,26.0400,145.0400,4.999953
FILLER_32_18,VDD,Metal1,21.8880,144.3480,4.999964
FILLER_31_324,VDD,Metal1,188.7200,137.2000,4.999963
FILLER_31_290,VDD,Metal1,169.4000,137.2000,4.999960
FILLER_31_282,VDD,Metal1,167.3865,137.7765,4.999960
FILLER_31_278,VDD,Metal1,162.9600,137.2000,4.999960
FILLER_31_274,VDD,Metal1,161.6600,137.6325,4.999960
FILLER_31_239,VDD,Metal1,140.8400,137.2000,4.999960
FILLER_31_235,VDD,Metal1,139.8200,137.6325,4.999960
FILLER_31_227,VDD,Metal1,136.5865,137.7765,4.999960
FILLER_31_208,VDD,Metal1,123.7600,137.2000,4.999960
FILLER_31_204,VDD,Metal1,122.4600,137.6325,4.999960
FILLER_31_171,VDD,Metal1,103.9800,137.6325,4.999958
FILLER_31_139,VDD,Metal1,84.8400,137.2000,4.999957
FILLER_31_135,VDD,Metal1,83.8200,137.6325,4.999957
FILLER_31_98,VDD,Metal1,61.8800,137.2000,4.999956
FILLER_31_96,VDD,Metal1,61.0400,137.2000,4.999956
FILLER_31_92,VDD,Metal1,59.7400,137.6325,4.999956
FILLER_31_80,VDD,Metal1,53.0200,137.6325,4.999956
FILLER_31_72,VDD,Metal1,49.7865,137.7765,4.999956
FILLER_31_68,VDD,Metal1,45.3600,137.2000,4.999956
FILLER_31_60,VDD,Metal1,43.0665,137.7765,4.999956
FILLER_31_18,VDD,Metal1,19.5465,137.7765,4.999956
FILLER_31_2,VDD,Metal1,12.9280,137.8920,4.999956
FILLER_30_325,VDD,Metal1,189.0000,137.2000,4.999963
FILLER_30_317,VDD,Metal1,186.9865,136.6230,4.999963
FILLER_30_298,VDD,Metal1,173.8800,137.2000,4.999963
FILLER_30_296,VDD,Metal1,173.0400,137.2000,4.999962
FILLER_30_292,VDD,Metal1,171.7400,136.7675,4.999962
FILLER_30_261,VDD,Metal1,153.4400,137.2000,4.999960
FILLER_30_244,VDD,Metal1,143.6400,137.2000,4.999960
FILLER_30_240,VDD,Metal1,142.6200,136.7675,4.999960
FILLER_30_204,VDD,Metal1,121.5200,137.2000,4.999960
FILLER_30_200,VDD,Metal1,120.2200,136.7675,4.999959
FILLER_30_192,VDD,Metal1,116.9865,136.6230,4.999959
FILLER_30_174,VDD,Metal1,104.4400,137.2000,4.999958
FILLER_30_172,VDD,Metal1,103.6000,137.2000,4.999958
FILLER_30_142,VDD,Metal1,86.5200,137.2000,4.999957
FILLER_30_140,VDD,Metal1,85.6800,137.2000,4.999957
FILLER_30_136,VDD,Metal1,84.3800,136.7675,4.999957
FILLER_30_120,VDD,Metal1,79.0080,136.5080,4.999957
FILLER_30_115,VDD,Metal1,71.4000,137.2000,4.999957
FILLER_30_99,VDD,Metal1,62.4400,137.2000,4.999956
FILLER_30_97,VDD,Metal1,61.6000,137.2000,4.999956
FILLER_30_37,VDD,Metal1,27.7200,137.2000,4.999956
FILLER_30_34,VDD,Metal1,26.0400,137.2000,4.999956
FILLER_30_2,VDD,Metal1,17.4755,136.4310,4.999956
FILLER_29_325,VDD,Metal1,189.0000,129.3600,4.999986
FILLER_29_323,VDD,Metal1,188.1600,129.3600,4.999986
FILLER_29_290,VDD,Metal1,170.6200,129.7925,4.999986
FILLER_29_282,VDD,Metal1,167.3865,129.9365,4.999986
FILLER_29_264,VDD,Metal1,154.8400,129.3600,4.999984
FILLER_29_260,VDD,Metal1,153.8200,129.7925,4.999984
FILLER_29_244,VDD,Metal1,148.4480,130.0520,4.999984
FILLER_29_212,VDD,Metal1,135.0755,130.1285,4.999983
FILLER_29_176,VDD,Metal1,106.7800,129.7925,4.999982
FILLER_29_168,VDD,Metal1,103.5465,129.9365,4.999982
FILLER_29_152,VDD,Metal1,92.1200,129.3600,4.999982
FILLER_29_150,VDD,Metal1,91.2800,129.3600,4.999982
FILLER_29_142,VDD,Metal1,88.9865,129.9365,4.999982
FILLER_29_124,VDD,Metal1,81.2480,130.0520,4.999982
FILLER_29_88,VDD,Metal1,56.5600,129.3600,4.999981
FILLER_29_84,VDD,Metal1,55.2600,129.7925,4.999981
FILLER_29_72,VDD,Metal1,47.6000,129.3600,4.999981
FILLER_29_59,VDD,Metal1,41.2600,129.7925,4.999981
FILLER_29_53,VDD,Metal1,36.6800,129.3600,4.999981
FILLER_29_49,VDD,Metal1,35.6600,129.7925,4.999981
FILLER_29_44,VDD,Metal1,31.6400,129.3600,4.999981
FILLER_29_36,VDD,Metal1,29.6265,129.9365,4.999981
FILLER_28_325,VDD,Metal1,189.0000,129.3600,4.999986
FILLER_28_317,VDD,Metal1,186.9865,128.7830,4.999986
FILLER_28_313,VDD,Metal1,182.5600,129.3600,4.999986
FILLER_28_294,VDD,Metal1,171.6400,129.3600,4.999986
FILLER_28_292,VDD,Metal1,170.8000,129.3600,4.999986
FILLER_28_288,VDD,Metal1,169.5000,128.9275,4.999986
FILLER_28_271,VDD,Metal1,159.0400,129.3600,4.999985
FILLER_28_263,VDD,Metal1,156.7465,128.7830,4.999985
FILLER_28_247,VDD,Metal1,150.1280,128.6680,4.999984
FILLER_28_244,VDD,Metal1,143.6400,129.3600,4.999984
FILLER_28_240,VDD,Metal1,142.6200,128.9275,4.999983
FILLER_28_226,VDD,Metal1,136.0265,128.7830,4.999983
FILLER_28_194,VDD,Metal1,124.9955,128.5910,4.999983
FILLER_28_177,VDD,Metal1,106.1200,129.3600,4.999982
FILLER_28_173,VDD,Metal1,104.1600,129.3600,4.999982
FILLER_28_169,VDD,Metal1,102.8600,128.9275,4.999982
FILLER_28_161,VDD,Metal1,99.6265,128.7830,4.999982
FILLER_28_130,VDD,Metal1,80.0800,129.3600,4.999982
FILLER_28_126,VDD,Metal1,78.7800,128.9275,4.999982
FILLER_28_109,VDD,Metal1,68.0400,129.3600,4.999981
FILLER_28_107,VDD,Metal1,67.2000,129.3600,4.999981
FILLER_28_97,VDD,Metal1,63.7865,128.7830,4.999981
FILLER_28_81,VDD,Metal1,57.1680,128.6680,4.999981
FILLER_28_67,VDD,Metal1,44.5200,129.3600,4.999981
FILLER_28_65,VDD,Metal1,43.6800,129.3600,4.999981
FILLER_28_61,VDD,Metal1,42.3800,128.9275,4.999981
FILLER_28_53,VDD,Metal1,39.1465,128.7830,4.999981
FILLER_28_37,VDD,Metal1,32.5280,128.6680,4.999981
FILLER_28_34,VDD,Metal1,26.0400,129.3600,4.999981
FILLER_28_18,VDD,Metal1,21.8880,128.6680,4.999983
FILLER_27_325,VDD,Metal1,189.0000,121.5200,4.999949
FILLER_27_323,VDD,Metal1,188.1600,121.5200,4.999949
FILLER_27_319,VDD,Metal1,186.8600,121.9525,4.999949
FILLER_27_302,VDD,Metal1,176.1200,121.5200,4.999948
FILLER_27_298,VDD,Metal1,175.1000,121.9525,4.999948
FILLER_27_282,VDD,Metal1,169.7280,122.2120,4.999948
FILLER_27_278,VDD,Metal1,162.9600,121.5200,4.999947
FILLER_27_270,VDD,Metal1,160.6665,122.0965,4.999947
FILLER_27_254,VDD,Metal1,154.0480,122.2120,4.999947
FILLER_27_223,VDD,Metal1,132.1600,121.5200,4.999942
FILLER_27_208,VDD,Metal1,123.7600,121.5200,4.999939
FILLER_27_192,VDD,Metal1,119.3280,122.2120,4.999939
FILLER_27_139,VDD,Metal1,84.8400,121.5200,4.999939
FILLER_27_130,VDD,Metal1,79.8000,121.5200,4.999939
FILLER_27_128,VDD,Metal1,78.9600,121.5200,4.999939
FILLER_27_124,VDD,Metal1,77.6600,121.9525,4.999939
FILLER_27_116,VDD,Metal1,74.4265,122.0965,4.999939
FILLER_27_109,VDD,Metal1,68.3200,121.5200,4.999939
FILLER_27_101,VDD,Metal1,66.0265,122.0965,4.999939
FILLER_27_85,VDD,Metal1,59.4080,122.2120,4.999940
FILLER_27_78,VDD,Metal1,50.6800,121.5200,4.999940
FILLER_27_76,VDD,Metal1,49.8400,121.5200,4.999940
FILLER_27_72,VDD,Metal1,48.5400,121.9525,4.999940
FILLER_27_33,VDD,Metal1,25.4800,121.5200,4.999942
FILLER_27_31,VDD,Metal1,24.6400,121.5200,4.999942
FILLER_27_2,VDD,Metal1,8.1200,121.5200,4.999942
FILLER_26_325,VDD,Metal1,189.0000,121.5200,4.999949
FILLER_26_317,VDD,Metal1,186.9865,120.9430,4.999949
FILLER_26_297,VDD,Metal1,173.6000,121.5200,4.999948
FILLER_26_267,VDD,Metal1,156.5200,121.5200,4.999947
FILLER_26_265,VDD,Metal1,155.6800,121.5200,4.999947
FILLER_26_261,VDD,Metal1,154.3800,121.0875,4.999947
FILLER_26_208,VDD,Metal1,123.4800,121.5200,4.999939
FILLER_26_206,VDD,Metal1,122.6400,121.5200,4.999939
FILLER_26_173,VDD,Metal1,104.1600,121.5200,4.999938
FILLER_26_169,VDD,Metal1,102.8600,121.0875,4.999938
FILLER_26_153,VDD,Metal1,92.6800,121.5200,4.999938
FILLER_26_149,VDD,Metal1,91.6600,121.0875,4.999938
FILLER_26_141,VDD,Metal1,88.4265,120.9430,4.999938
FILLER_26_103,VDD,Metal1,64.9600,121.5200,4.999939
FILLER_26_95,VDD,Metal1,62.6665,120.9430,4.999939
FILLER_26_63,VDD,Metal1,51.6355,120.7510,4.999940
FILLER_26_49,VDD,Metal1,34.4400,121.5200,4.999940
FILLER_26_45,VDD,Metal1,33.4200,121.0875,4.999940
FILLER_26_37,VDD,Metal1,30.1865,120.9430,4.999940
FILLER_26_34,VDD,Metal1,26.0400,121.5200,4.999942
FILLER_25_296,VDD,Metal1,172.7600,113.6800,4.999958
FILLER_25_294,VDD,Metal1,171.9200,113.6800,4.999958
FILLER_25_290,VDD,Metal1,170.6200,114.1125,4.999958
FILLER_25_282,VDD,Metal1,167.3865,114.2565,4.999958
FILLER_25_278,VDD,Metal1,162.9600,113.6800,4.999956
FILLER_25_274,VDD,Metal1,161.6600,114.1125,4.999956
FILLER_25_239,VDD,Metal1,140.8400,113.6800,4.999955
FILLER_25_223,VDD,Metal1,136.6880,114.3720,4.999955
FILLER_25_214,VDD,Metal1,126.8400,113.6800,4.999955
FILLER_25_212,VDD,Metal1,126.0000,113.6800,4.999955
FILLER_25_209,VDD,Metal1,124.0400,113.6800,4.999955
FILLER_25_201,VDD,Metal1,122.0265,114.2565,4.999955
FILLER_25_185,VDD,Metal1,115.4080,114.3720,4.999955
FILLER_25_154,VDD,Metal1,93.5200,113.6800,4.999955
FILLER_25_150,VDD,Metal1,92.2200,114.1125,4.999955
FILLER_25_142,VDD,Metal1,88.9865,114.2565,4.999954
FILLER_25_136,VDD,Metal1,84.3800,114.1125,4.999954
FILLER_25_128,VDD,Metal1,81.1465,114.2565,4.999953
FILLER_25_112,VDD,Metal1,74.5280,114.3720,4.999953
FILLER_25_97,VDD,Metal1,61.6000,113.6800,4.999950
FILLER_25_93,VDD,Metal1,60.3000,114.1125,4.999949
FILLER_25_72,VDD,Metal1,47.3200,113.6800,4.999949
FILLER_25_68,VDD,Metal1,45.3600,113.6800,4.999949
FILLER_25_64,VDD,Metal1,44.0600,114.1125,4.999949
FILLER_25_52,VDD,Metal1,36.1200,113.6800,4.999949
FILLER_25_36,VDD,Metal1,31.9680,114.3720,4.999949
FILLER_24_325,VDD,Metal1,189.0000,113.6800,4.999961
FILLER_24_317,VDD,Metal1,186.9865,113.1030,4.999961
FILLER_24_314,VDD,Metal1,182.8400,113.6800,4.999961
FILLER_24_303,VDD,Metal1,176.6800,113.6800,4.999961
FILLER_24_295,VDD,Metal1,174.6665,113.1030,4.999961
FILLER_24_279,VDD,Metal1,168.0480,112.9880,4.999958
FILLER_24_247,VDD,Metal1,154.6755,112.9110,4.999956
FILLER_24_241,VDD,Metal1,143.1800,113.2475,4.999956
FILLER_24_177,VDD,Metal1,124.4750,112.8655,4.999955
FILLER_24_174,VDD,Metal1,104.4400,113.6800,4.999955
FILLER_24_141,VDD,Metal1,87.1800,113.2475,4.999954
FILLER_24_133,VDD,Metal1,83.9465,113.1030,4.999954
FILLER_24_117,VDD,Metal1,77.3280,112.9880,4.999953
FILLER_24_111,VDD,Metal1,69.1600,113.6800,4.999952
FILLER_24_107,VDD,Metal1,68.1400,113.2475,4.999951
FILLER_24_94,VDD,Metal1,59.9200,113.6800,4.999949
FILLER_24_43,VDD,Metal1,31.0800,113.6800,4.999949
FILLER_24_41,VDD,Metal1,30.2400,113.6800,4.999950
FILLER_24_37,VDD,Metal1,28.9400,113.2475,4.999950
FILLER_24_34,VDD,Metal1,26.0400,113.6800,4.999951
FILLER_24_26,VDD,Metal1,24.0265,113.1030,4.999964
FILLER_23_324,VDD,Metal1,188.7200,105.8400,4.999944
FILLER_23_308,VDD,Metal1,184.2880,106.5320,4.999944
FILLER_23_303,VDD,Metal1,176.6800,105.8400,4.999944
FILLER_23_301,VDD,Metal1,175.8400,105.8400,4.999944
FILLER_23_297,VDD,Metal1,174.5400,106.2725,4.999944
FILLER_23_276,VDD,Metal1,162.7800,106.2725,4.999944
FILLER_23_212,VDD,Metal1,144.0750,106.6540,4.999936
FILLER_23_209,VDD,Metal1,124.0400,105.8400,4.999933
FILLER_23_207,VDD,Metal1,123.2000,105.8400,4.999933
FILLER_23_203,VDD,Metal1,121.9000,106.2725,4.999911
FILLER_23_195,VDD,Metal1,116.4800,105.8400,4.999908
FILLER_23_191,VDD,Metal1,115.1800,106.2725,4.999908
FILLER_23_175,VDD,Metal1,109.8080,106.5320,4.999908
FILLER_23_158,VDD,Metal1,95.7600,105.8400,4.999901
FILLER_23_142,VDD,Metal1,86.5200,105.8400,4.999901
FILLER_23_104,VDD,Metal1,65.5200,105.8400,4.999903
FILLER_23_90,VDD,Metal1,57.4000,105.8400,4.999907
FILLER_23_80,VDD,Metal1,52.0800,105.8400,4.999909
FILLER_23_72,VDD,Metal1,49.7865,106.4165,4.999909
FILLER_22_325,VDD,Metal1,189.0000,105.8400,4.999944
FILLER_22_317,VDD,Metal1,186.9865,105.2630,4.999944
FILLER_22_311,VDD,Metal1,182.3800,105.4075,4.999944
FILLER_22_272,VDD,Metal1,159.3200,105.8400,4.999936
FILLER_22_270,VDD,Metal1,158.4800,105.8400,4.999936
FILLER_22_266,VDD,Metal1,157.1800,105.4075,4.999936
FILLER_22_258,VDD,Metal1,153.9465,105.2630,4.999936
FILLER_22_251,VDD,Metal1,147.5600,105.8400,4.999936
FILLER_22_247,VDD,Metal1,146.5400,105.4075,4.999936
FILLER_22_235,VDD,Metal1,138.8800,105.8400,4.999936
FILLER_22_227,VDD,Metal1,136.5865,105.2630,4.999936
FILLER_22_211,VDD,Metal1,129.9680,105.1480,4.999936
FILLER_22_197,VDD,Metal1,117.3200,105.8400,4.999911
FILLER_22_195,VDD,Metal1,116.4800,105.8400,4.999908
FILLER_22_181,VDD,Metal1,108.6400,105.8400,4.999908
FILLER_22_177,VDD,Metal1,107.3400,105.4075,4.999908
FILLER_22_173,VDD,Metal1,104.1600,105.8400,4.999903
FILLER_22_115,VDD,Metal1,73.8665,105.2630,4.999901
FILLER_22_101,VDD,Metal1,64.7800,105.4075,4.999903
FILLER_22_93,VDD,Metal1,61.5465,105.2630,4.999903
FILLER_22_81,VDD,Metal1,52.6400,105.8400,4.999909
FILLER_22_77,VDD,Metal1,51.3400,105.4075,4.999909
FILLER_22_67,VDD,Metal1,44.8000,105.8400,4.999912
FILLER_22_49,VDD,Metal1,34.4400,105.8400,4.999912
FILLER_22_45,VDD,Metal1,33.4200,105.4075,4.999912
FILLER_22_37,VDD,Metal1,30.1865,105.2630,4.999912
FILLER_22_18,VDD,Metal1,17.0800,105.8400,4.999917
FILLER_21_296,VDD,Metal1,172.7600,98.0000,4.999970
FILLER_21_294,VDD,Metal1,171.9200,98.0000,4.999970
FILLER_21_290,VDD,Metal1,170.6200,98.4325,4.999970
FILLER_21_282,VDD,Metal1,167.3865,98.5765,4.999970
FILLER_21_279,VDD,Metal1,163.2400,98.0000,4.999970
FILLER_21_271,VDD,Metal1,161.2265,98.5765,4.999970
FILLER_21_228,VDD,Metal1,134.6800,98.0000,4.999969
FILLER_21_220,VDD,Metal1,132.6665,98.5765,4.999969
FILLER_21_209,VDD,Metal1,124.0400,98.0000,4.999968
FILLER_21_205,VDD,Metal1,123.0200,98.4325,4.999968
FILLER_21_188,VDD,Metal1,112.2800,98.0000,4.999966
FILLER_21_184,VDD,Metal1,111.2600,98.4325,4.999966
FILLER_21_178,VDD,Metal1,106.9600,98.0000,4.999966
FILLER_21_174,VDD,Metal1,105.6600,98.4325,4.999966
FILLER_21_142,VDD,Metal1,95.8755,98.7685,4.999965
FILLER_21_128,VDD,Metal1,79.9000,98.4325,4.999968
FILLER_21_120,VDD,Metal1,76.6665,98.5765,4.999968
FILLER_21_104,VDD,Metal1,70.0480,98.6920,4.999968
FILLER_21_72,VDD,Metal1,56.6755,98.7685,4.999968
FILLER_21_68,VDD,Metal1,45.3600,98.0000,4.999969
FILLER_21_56,VDD,Metal1,38.6400,98.0000,4.999970
FILLER_21_40,VDD,Metal1,34.2080,98.6920,4.999970
FILLER_21_2,VDD,Metal1,9.3400,98.4325,4.999970
FILLER_20_325,VDD,Metal1,189.0000,98.0000,4.999972
FILLER_20_317,VDD,Metal1,186.9865,97.4230,4.999972
FILLER_20_314,VDD,Metal1,182.8400,98.0000,4.999972
FILLER_20_312,VDD,Metal1,182.0000,98.0000,4.999972
FILLER_20_308,VDD,Metal1,180.7000,97.5675,4.999972
FILLER_20_298,VDD,Metal1,173.8800,98.0000,4.999970
FILLER_20_296,VDD,Metal1,173.0400,98.0000,4.999970
FILLER_20_292,VDD,Metal1,171.7400,97.5675,4.999970
FILLER_20_261,VDD,Metal1,153.4400,98.0000,4.999970
FILLER_20_253,VDD,Metal1,151.1465,97.4230,4.999970
FILLER_20_243,VDD,Metal1,143.3600,98.0000,4.999970
FILLER_20_231,VDD,Metal1,137.5800,97.5675,4.999969
FILLER_20_223,VDD,Metal1,134.3465,97.4230,4.999969
FILLER_20_199,VDD,Metal1,118.4400,98.0000,4.999966
FILLER_20_197,VDD,Metal1,117.6000,98.0000,4.999966
FILLER_20_191,VDD,Metal1,113.9600,98.0000,4.999966
FILLER_20_189,VDD,Metal1,113.1200,98.0000,4.999966
FILLER_20_185,VDD,Metal1,111.8200,97.5675,4.999966
FILLER_20_177,VDD,Metal1,108.5865,97.4230,4.999966
FILLER_20_115,VDD,Metal1,73.8665,97.4230,4.999968
FILLER_20_104,VDD,Metal1,65.2400,98.0000,4.999968
FILLER_20_102,VDD,Metal1,64.4000,98.0000,4.999968
FILLER_20_70,VDD,Metal1,55.5555,97.2310,4.999968
FILLER_20_61,VDD,Metal1,41.1600,98.0000,4.999970
FILLER_20_53,VDD,Metal1,39.1465,97.4230,4.999970
FILLER_20_37,VDD,Metal1,32.5280,97.3080,4.999970
FILLER_20_34,VDD,Metal1,26.0400,98.0000,4.999970
FILLER_20_32,VDD,Metal1,25.2000,98.0000,4.999970
FILLER_20_28,VDD,Metal1,23.9000,97.5675,4.999971
FILLER_20_18,VDD,Metal1,17.3600,98.0000,4.999970
FILLER_19_325,VDD,Metal1,189.0000,90.1600,4.999970
FILLER_19_309,VDD,Metal1,184.8480,90.8520,4.999970
FILLER_19_302,VDD,Metal1,176.4000,90.1600,4.999970
FILLER_19_298,VDD,Metal1,175.1000,90.5925,4.999970
FILLER_19_282,VDD,Metal1,169.7280,90.8520,4.999970
FILLER_19_264,VDD,Metal1,154.8400,90.1600,4.999968
FILLER_19_262,VDD,Metal1,154.0000,90.1600,4.999968
FILLER_19_212,VDD,Metal1,130.5280,90.8520,4.999968
FILLER_19_209,VDD,Metal1,124.0400,90.1600,4.999968
FILLER_19_207,VDD,Metal1,123.2000,90.1600,4.999968
FILLER_19_198,VDD,Metal1,117.8800,90.1600,4.999968
FILLER_19_194,VDD,Metal1,116.8600,90.5925,4.999968
FILLER_19_178,VDD,Metal1,111.4880,90.8520,4.999968
FILLER_19_158,VDD,Metal1,96.7000,90.5925,4.999966
FILLER_19_150,VDD,Metal1,93.4665,90.7365,4.999966
FILLER_19_142,VDD,Metal1,87.7400,90.5925,4.999966
FILLER_19_120,VDD,Metal1,74.4800,90.1600,4.999965
FILLER_19_88,VDD,Metal1,65.6355,90.9285,4.999963
FILLER_19_74,VDD,Metal1,48.4400,90.1600,4.999969
FILLER_19_72,VDD,Metal1,47.6000,90.1600,4.999969
FILLER_19_69,VDD,Metal1,45.6400,90.1600,4.999971
FILLER_19_53,VDD,Metal1,41.4880,90.8520,4.999971
FILLER_19_21,VDD,Metal1,28.1155,90.9285,4.999971
FILLER_19_8,VDD,Metal1,11.4800,90.1600,4.999971
FILLER_19_6,VDD,Metal1,10.6400,90.1600,4.999971
FILLER_19_2,VDD,Metal1,9.3400,90.5925,4.999971
FILLER_18_325,VDD,Metal1,189.0000,90.1600,4.999970
FILLER_18_317,VDD,Metal1,186.9865,89.5830,4.999970
FILLER_18_313,VDD,Metal1,182.5600,90.1600,4.999970
FILLER_18_307,VDD,Metal1,178.9200,90.1600,4.999970
FILLER_18_303,VDD,Metal1,177.9000,89.7275,4.999970
FILLER_18_295,VDD,Metal1,174.6665,89.5830,4.999970
FILLER_18_279,VDD,Metal1,168.0480,89.4680,4.999970
FILLER_18_247,VDD,Metal1,154.6755,89.3910,4.999968
FILLER_18_241,VDD,Metal1,143.1800,89.7275,4.999968
FILLER_18_177,VDD,Metal1,124.4750,89.3455,4.999968
FILLER_18_173,VDD,Metal1,104.1600,90.1600,4.999966
FILLER_18_169,VDD,Metal1,102.8600,89.7275,4.999966
FILLER_18_134,VDD,Metal1,82.0400,90.1600,4.999966
FILLER_18_132,VDD,Metal1,81.2000,90.1600,4.999966
FILLER_18_128,VDD,Metal1,79.9000,89.7275,4.999966
FILLER_18_120,VDD,Metal1,76.6665,89.5830,4.999966
FILLER_18_107,VDD,Metal1,69.3865,89.5830,4.999963
FILLER_18_92,VDD,Metal1,60.9865,89.5830,4.999963
FILLER_18_74,VDD,Metal1,48.4400,90.1600,4.999969
FILLER_18_72,VDD,Metal1,47.6000,90.1600,4.999969
FILLER_18_68,VDD,Metal1,46.3000,89.7275,4.999971
FILLER_18_60,VDD,Metal1,43.0665,89.5830,4.999971
FILLER_18_49,VDD,Metal1,34.4400,90.1600,4.999971
FILLER_18_45,VDD,Metal1,33.4200,89.7275,4.999971
FILLER_18_37,VDD,Metal1,30.1865,89.5830,4.999971
FILLER_18_34,VDD,Metal1,26.0400,90.1600,4.999971
FILLER_18_26,VDD,Metal1,24.0265,89.5830,4.999971
FILLER_17_325,VDD,Metal1,189.0000,82.3200,4.999970
FILLER_17_294,VDD,Metal1,171.9200,82.3200,4.999968
FILLER_17_290,VDD,Metal1,170.6200,82.7525,4.999968
FILLER_17_282,VDD,Metal1,167.3865,82.8965,4.999968
FILLER_17_264,VDD,Metal1,159.6480,83.0120,4.999968
FILLER_17_228,VDD,Metal1,134.9600,82.3200,4.999964
FILLER_17_212,VDD,Metal1,130.5280,83.0120,4.999964
FILLER_17_170,VDD,Metal1,102.4800,82.3200,4.999959
FILLER_17_166,VDD,Metal1,101.1800,82.7525,4.999958
FILLER_17_158,VDD,Metal1,97.9465,82.8965,4.999958
FILLER_17_142,VDD,Metal1,91.3280,83.0120,4.999958
FILLER_17_138,VDD,Metal1,84.5600,82.3200,4.999957
FILLER_17_130,VDD,Metal1,82.2665,82.8965,4.999957
FILLER_17_114,VDD,Metal1,75.6480,83.0120,4.999957
FILLER_17_76,VDD,Metal1,49.8400,82.3200,4.999957
FILLER_17_72,VDD,Metal1,48.5400,82.7525,4.999957
FILLER_16_325,VDD,Metal1,189.0000,82.3200,4.999970
FILLER_16_317,VDD,Metal1,186.9865,81.7430,4.999970
FILLER_16_314,VDD,Metal1,182.8400,82.3200,4.999970
FILLER_16_312,VDD,Metal1,182.0000,82.3200,4.999970
FILLER_16_296,VDD,Metal1,173.0400,82.3200,4.999968
FILLER_16_292,VDD,Metal1,171.7400,81.8875,4.999968
FILLER_16_261,VDD,Metal1,153.4400,82.3200,4.999966
FILLER_16_253,VDD,Metal1,151.1465,81.7430,4.999966
FILLER_16_244,VDD,Metal1,143.6400,82.3200,4.999966
FILLER_16_242,VDD,Metal1,142.8000,82.3200,4.999966
FILLER_16_238,VDD,Metal1,141.5000,81.8875,4.999966
FILLER_16_229,VDD,Metal1,135.2400,82.3200,4.999964
FILLER_16_227,VDD,Metal1,134.4000,82.3200,4.999964
FILLER_16_223,VDD,Metal1,133.1000,81.8875,4.999964
FILLER_16_215,VDD,Metal1,129.8665,81.7430,4.999964
FILLER_16_190,VDD,Metal1,113.6800,82.3200,4.999960
FILLER_16_177,VDD,Metal1,106.1200,82.3200,4.999959
FILLER_16_169,VDD,Metal1,101.6400,82.3200,4.999958
FILLER_16_167,VDD,Metal1,100.8000,82.3200,4.999958
FILLER_16_163,VDD,Metal1,99.5000,81.8875,4.999958
FILLER_16_155,VDD,Metal1,96.2665,81.7430,4.999958
FILLER_16_139,VDD,Metal1,89.6480,81.6280,4.999958
FILLER_16_107,VDD,Metal1,76.2755,81.5510,4.999957
FILLER_16_104,VDD,Metal1,65.2400,82.3200,4.999957
FILLER_16_102,VDD,Metal1,64.4000,82.3200,4.999957
FILLER_16_98,VDD,Metal1,63.1000,81.8875,4.999957
FILLER_16_90,VDD,Metal1,59.8665,81.7430,4.999957
FILLER_16_74,VDD,Metal1,53.2480,81.6280,4.999957
FILLER_16_51,VDD,Metal1,35.5600,82.3200,4.999957
FILLER_16_49,VDD,Metal1,34.7200,82.3200,4.999957
FILLER_16_45,VDD,Metal1,33.4200,81.8875,4.999957
FILLER_16_37,VDD,Metal1,30.1865,81.7430,4.999957
FILLER_16_33,VDD,Metal1,25.7600,82.3200,4.999959
FILLER_16_24,VDD,Metal1,20.4400,82.3200,4.999959
FILLER_15_325,VDD,Metal1,189.0000,74.4800,4.999989
FILLER_15_323,VDD,Metal1,188.1600,74.4800,4.999989
FILLER_15_290,VDD,Metal1,170.6200,74.9125,4.999988
FILLER_15_282,VDD,Metal1,167.3865,75.0565,4.999988
FILLER_15_264,VDD,Metal1,154.8400,74.4800,4.999987
FILLER_15_260,VDD,Metal1,153.8200,74.9125,4.999987
FILLER_15_244,VDD,Metal1,148.4480,75.1720,4.999987
FILLER_15_212,VDD,Metal1,135.0755,75.2485,4.999987
FILLER_15_189,VDD,Metal1,112.8400,74.4800,4.999986
FILLER_15_187,VDD,Metal1,112.0000,74.4800,4.999986
FILLER_15_183,VDD,Metal1,110.7000,74.9125,4.999986
FILLER_15_170,VDD,Metal1,102.2000,74.4800,4.999983
FILLER_15_166,VDD,Metal1,101.1800,74.9125,4.999983
FILLER_15_158,VDD,Metal1,97.9465,75.0565,4.999983
FILLER_15_142,VDD,Metal1,91.3280,75.1720,4.999983
FILLER_15_139,VDD,Metal1,84.8400,74.4800,4.999983
FILLER_15_137,VDD,Metal1,84.0000,74.4800,4.999983
FILLER_15_129,VDD,Metal1,81.7065,75.0565,4.999983
FILLER_15_121,VDD,Metal1,75.9800,74.9125,4.999983
FILLER_15_105,VDD,Metal1,65.8000,74.4800,4.999983
FILLER_15_99,VDD,Metal1,62.4400,74.4800,4.999983
FILLER_15_97,VDD,Metal1,61.6000,74.4800,4.999983
FILLER_15_93,VDD,Metal1,60.3000,74.9125,4.999983
FILLER_15_85,VDD,Metal1,57.0665,75.0565,4.999983
FILLER_15_76,VDD,Metal1,49.8400,74.4800,4.999983
FILLER_15_72,VDD,Metal1,48.5400,74.9125,4.999984
FILLER_15_69,VDD,Metal1,45.6400,74.4800,4.999984
FILLER_15_65,VDD,Metal1,44.6200,74.9125,4.999984
FILLER_15_57,VDD,Metal1,41.3865,75.0565,4.999984
FILLER_15_41,VDD,Metal1,34.7680,75.1720,4.999984
FILLER_15_6,VDD,Metal1,10.3600,74.4800,4.999984
FILLER_15_2,VDD,Metal1,9.3400,74.9125,4.999984
FILLER_14_325,VDD,Metal1,189.0000,74.4800,4.999989
FILLER_14_317,VDD,Metal1,186.9865,73.9030,4.999989
FILLER_14_314,VDD,Metal1,182.8400,74.4800,4.999989
FILLER_14_312,VDD,Metal1,182.0000,74.4800,4.999989
FILLER_14_303,VDD,Metal1,177.9000,74.0475,4.999989
FILLER_14_295,VDD,Metal1,174.6665,73.9030,4.999989
FILLER_14_279,VDD,Metal1,168.0480,73.7880,4.999988
FILLER_14_247,VDD,Metal1,154.6755,73.7110,4.999987
FILLER_14_235,VDD,Metal1,139.8200,74.0475,4.999987
FILLER_14_225,VDD,Metal1,133.2800,74.4800,4.999987
FILLER_14_217,VDD,Metal1,130.9865,73.9030,4.999987
FILLER_14_201,VDD,Metal1,124.3680,73.7880,4.999987
FILLER_14_195,VDD,Metal1,116.2000,74.4800,4.999986
FILLER_14_193,VDD,Metal1,115.3600,74.4800,4.999986
FILLER_14_177,VDD,Metal1,110.9280,73.7880,4.999986
FILLER_14_174,VDD,Metal1,104.4400,74.4800,4.999983
FILLER_14_172,VDD,Metal1,103.6000,74.4800,4.999983
FILLER_14_164,VDD,Metal1,101.3065,73.9030,4.999983
FILLER_14_129,VDD,Metal1,79.2400,74.4800,4.999983
FILLER_14_121,VDD,Metal1,77.2265,73.9030,4.999983
FILLER_14_104,VDD,Metal1,65.2400,74.4800,4.999983
FILLER_14_96,VDD,Metal1,63.2265,73.9030,4.999983
FILLER_14_80,VDD,Metal1,56.6080,73.7880,4.999983
FILLER_14_73,VDD,Metal1,48.1600,74.4800,4.999984
FILLER_14_69,VDD,Metal1,46.8600,74.0475,4.999984
FILLER_14_61,VDD,Metal1,41.4400,74.4800,4.999984
FILLER_14_53,VDD,Metal1,39.1465,73.9030,4.999984
FILLER_14_37,VDD,Metal1,32.5280,73.7880,4.999984
FILLER_14_33,VDD,Metal1,25.7600,74.4800,4.999984
FILLER_14_29,VDD,Metal1,24.4600,74.0475,4.999984
FILLER_14_6,VDD,Metal1,10.3600,74.4800,4.999984
FILLER_14_2,VDD,Metal1,9.3400,74.0475,4.999984
FILLER_13_325,VDD,Metal1,189.0000,66.6400,4.999942
FILLER_13_309,VDD,Metal1,184.8480,67.3320,4.999942
FILLER_13_294,VDD,Metal1,171.6400,66.6400,4.999942
FILLER_13_290,VDD,Metal1,170.6200,67.0725,4.999942
FILLER_13_282,VDD,Metal1,167.3865,67.2165,4.999941
FILLER_13_278,VDD,Metal1,162.9600,66.6400,4.999939
FILLER_13_259,VDD,Metal1,153.2600,67.0725,4.999939
FILLER_13_224,VDD,Metal1,132.4400,66.6400,4.999934
FILLER_13_220,VDD,Metal1,131.4200,67.0725,4.999934
FILLER_13_212,VDD,Metal1,128.1865,67.2165,4.999934
FILLER_13_202,VDD,Metal1,122.5865,67.2165,4.999934
FILLER_13_186,VDD,Metal1,115.9680,67.3320,4.999934
FILLER_13_168,VDD,Metal1,101.0800,66.6400,4.999933
FILLER_13_166,VDD,Metal1,100.2400,66.6400,4.999933
FILLER_13_158,VDD,Metal1,97.9465,67.2165,4.999933
FILLER_13_142,VDD,Metal1,91.3280,67.3320,4.999933
FILLER_13_138,VDD,Metal1,84.5600,66.6400,4.999933
FILLER_13_129,VDD,Metal1,79.2400,66.6400,4.999933
FILLER_13_127,VDD,Metal1,78.4000,66.6400,4.999933
FILLER_13_119,VDD,Metal1,76.1065,67.2165,4.999933
FILLER_13_84,VDD,Metal1,54.0400,66.6400,4.999945
FILLER_13_59,VDD,Metal1,40.0400,66.6400,4.999951
FILLER_13_43,VDD,Metal1,35.8880,67.3320,4.999951
FILLER_13_26,VDD,Metal1,21.5600,66.6400,4.999954
FILLER_13_18,VDD,Metal1,19.5465,67.2165,4.999954
FILLER_12_325,VDD,Metal1,189.0000,66.6400,4.999942
FILLER_12_317,VDD,Metal1,186.9865,66.0630,4.999942
FILLER_12_255,VDD,Metal1,150.0800,66.6400,4.999936
FILLER_12_247,VDD,Metal1,147.7865,66.0630,4.999936
FILLER_12_243,VDD,Metal1,143.3600,66.6400,4.999936
FILLER_12_227,VDD,Metal1,138.9280,65.9480,4.999936
FILLER_12_158,VDD,Metal1,95.4800,66.6400,4.999933
FILLER_12_154,VDD,Metal1,94.4600,66.2075,4.999933
FILLER_12_119,VDD,Metal1,73.6400,66.6400,4.999934
FILLER_12_115,VDD,Metal1,72.6200,66.2075,4.999937
FILLER_12_107,VDD,Metal1,69.3865,66.0630,4.999940
FILLER_12_104,VDD,Metal1,65.2400,66.6400,4.999940
FILLER_12_102,VDD,Metal1,64.4000,66.6400,4.999940
FILLER_12_98,VDD,Metal1,63.1000,66.2075,4.999940
FILLER_12_90,VDD,Metal1,59.8665,66.0630,4.999940
FILLER_12_84,VDD,Metal1,54.0400,66.6400,4.999945
FILLER_12_82,VDD,Metal1,53.2000,66.6400,4.999945
FILLER_12_66,VDD,Metal1,44.2400,66.6400,4.999949
FILLER_12_51,VDD,Metal1,35.5600,66.6400,4.999951
FILLER_12_49,VDD,Metal1,34.7200,66.6400,4.999951
FILLER_12_45,VDD,Metal1,33.4200,66.2075,4.999951
FILLER_12_37,VDD,Metal1,30.1865,66.0630,4.999952
FILLER_12_27,VDD,Metal1,24.5865,66.0630,4.999952
FILLER_12_20,VDD,Metal1,18.2000,66.6400,4.999954
FILLER_12_18,VDD,Metal1,17.3600,66.6400,4.999953
FILLER_11_322,VDD,Metal1,188.5400,59.2325,4.999959
FILLER_11_314,VDD,Metal1,185.3065,59.3765,4.999959
FILLER_11_294,VDD,Metal1,171.9200,58.8000,4.999959
FILLER_11_290,VDD,Metal1,170.6200,59.2325,4.999959
FILLER_11_282,VDD,Metal1,167.3865,59.3765,4.999959
FILLER_11_272,VDD,Metal1,161.7865,59.3765,4.999956
FILLER_11_256,VDD,Metal1,155.1680,59.4920,4.999956
FILLER_11_224,VDD,Metal1,141.7955,59.5685,4.999954
FILLER_11_209,VDD,Metal1,124.0400,58.8000,4.999948
FILLER_11_207,VDD,Metal1,123.2000,58.8000,4.999948
FILLER_11_203,VDD,Metal1,121.9000,59.2325,4.999947
FILLER_11_193,VDD,Metal1,115.3600,58.8000,4.999946
FILLER_11_122,VDD,Metal1,77.7865,59.3765,4.999938
FILLER_11_55,VDD,Metal1,38.0800,58.8000,4.999943
FILLER_11_47,VDD,Metal1,35.7865,59.3765,4.999943
FILLER_11_6,VDD,Metal1,10.3600,58.8000,4.999943
FILLER_11_2,VDD,Metal1,9.3400,59.2325,4.999943
FILLER_10_325,VDD,Metal1,189.0000,58.8000,4.999959
FILLER_10_317,VDD,Metal1,186.9865,58.2230,4.999959
FILLER_10_313,VDD,Metal1,182.5600,58.8000,4.999959
FILLER_10_305,VDD,Metal1,180.2665,58.2230,4.999959
FILLER_10_285,VDD,Metal1,171.4080,58.1080,4.999959
FILLER_10_255,VDD,Metal1,149.8000,58.8000,4.999954
FILLER_10_253,VDD,Metal1,148.9600,58.8000,4.999954
FILLER_10_237,VDD,Metal1,142.1865,58.2230,4.999954
FILLER_10_213,VDD,Metal1,131.0880,58.1080,4.999954
FILLER_10_174,VDD,Metal1,104.4400,58.8000,4.999939
FILLER_10_172,VDD,Metal1,103.6000,58.8000,4.999939
FILLER_10_163,VDD,Metal1,98.2800,58.8000,4.999939
FILLER_10_155,VDD,Metal1,96.2665,58.2230,4.999939
FILLER_10_139,VDD,Metal1,89.6480,58.1080,4.999939
FILLER_10_107,VDD,Metal1,76.2755,58.0310,4.999938
FILLER_10_99,VDD,Metal1,62.4400,58.8000,4.999938
FILLER_10_95,VDD,Metal1,61.4200,58.3675,4.999938
FILLER_10_87,VDD,Metal1,58.1865,58.2230,4.999938
FILLER_10_78,VDD,Metal1,50.6800,58.8000,4.999938
FILLER_10_76,VDD,Metal1,49.8400,58.8000,4.999938
FILLER_10_70,VDD,Metal1,46.4800,58.8000,4.999939
FILLER_10_61,VDD,Metal1,42.3800,58.3675,4.999940
FILLER_10_53,VDD,Metal1,39.1465,58.2230,4.999941
FILLER_10_37,VDD,Metal1,32.5280,58.1080,4.999943
FILLER_10_34,VDD,Metal1,26.0400,58.8000,4.999944
FILLER_10_32,VDD,Metal1,25.2000,58.8000,4.999944
FILLER_10_14,VDD,Metal1,15.1200,58.8000,4.999943
FILLER_10_10,VDD,Metal1,13.8200,58.3675,4.999943
FILLER_10_2,VDD,Metal1,10.5865,58.2230,4.999943
FILLER_9_322,VDD,Metal1,188.5400,51.3925,4.999976
FILLER_9_292,VDD,Metal1,170.5200,50.9600,4.999975
FILLER_9_290,VDD,Metal1,169.6800,50.9600,4.999974
FILLER_9_282,VDD,Metal1,167.3865,51.5365,4.999974
FILLER_9_279,VDD,Metal1,163.2400,50.9600,4.999972
FILLER_9_277,VDD,Metal1,162.4000,50.9600,4.999971
FILLER_9_261,VDD,Metal1,153.1600,50.9600,4.999946
FILLER_9_226,VDD,Metal1,133.5600,50.9600,4.999946
FILLER_9_218,VDD,Metal1,131.5465,51.5365,4.999946
FILLER_9_192,VDD,Metal1,114.5200,50.9600,4.999912
FILLER_9_190,VDD,Metal1,113.6800,50.9600,4.999912
FILLER_9_186,VDD,Metal1,112.3800,51.3925,4.999912
FILLER_9_176,VDD,Metal1,106.7800,51.3925,4.999912
FILLER_9_129,VDD,Metal1,79.2400,50.9600,4.999907
FILLER_9_78,VDD,Metal1,50.6800,50.9600,4.999908
FILLER_9_76,VDD,Metal1,49.8400,50.9600,4.999908
FILLER_9_72,VDD,Metal1,48.5400,51.3925,4.999908
FILLER_9_69,VDD,Metal1,45.6400,50.9600,4.999908
FILLER_9_67,VDD,Metal1,44.8000,50.9600,4.999908
FILLER_9_63,VDD,Metal1,43.5000,51.3925,4.999908
FILLER_9_56,VDD,Metal1,38.3600,50.9600,4.999918
FILLER_9_52,VDD,Metal1,37.3400,51.3925,4.999918
FILLER_9_36,VDD,Metal1,31.9680,51.6520,4.999918
FILLER_8_325,VDD,Metal1,189.0000,50.9600,4.999976
FILLER_8_317,VDD,Metal1,186.9865,50.3830,4.999976
FILLER_8_289,VDD,Metal1,168.8400,50.9600,4.999974
FILLER_8_281,VDD,Metal1,166.8265,50.3830,4.999974
FILLER_8_263,VDD,Metal1,156.7465,50.3830,4.999971
FILLER_8_247,VDD,Metal1,150.1280,50.2680,4.999946
FILLER_8_244,VDD,Metal1,143.6400,50.9600,4.999946
FILLER_8_240,VDD,Metal1,142.6200,50.5275,4.999946
FILLER_8_208,VDD,Metal1,132.8355,50.1910,4.999946
FILLER_8_177,VDD,Metal1,110.9280,50.2680,4.999912
FILLER_8_174,VDD,Metal1,104.4400,50.9600,4.999912
FILLER_8_170,VDD,Metal1,103.4200,50.5275,4.999906
FILLER_8_161,VDD,Metal1,97.1600,50.9600,4.999906
FILLER_8_145,VDD,Metal1,93.0080,50.2680,4.999906
FILLER_8_128,VDD,Metal1,78.6800,50.9600,4.999907
FILLER_8_126,VDD,Metal1,77.8400,50.9600,4.999907
FILLER_8_122,VDD,Metal1,76.5400,50.5275,4.999907
FILLER_8_98,VDD,Metal1,62.1600,50.9600,4.999907
FILLER_8_73,VDD,Metal1,47.8800,50.9600,4.999908
FILLER_8_71,VDD,Metal1,47.0400,50.9600,4.999908
FILLER_8_63,VDD,Metal1,44.7465,50.3830,4.999908
FILLER_8_53,VDD,Metal1,37.9000,50.5275,4.999918
FILLER_8_37,VDD,Metal1,32.5280,50.2680,4.999918
FILLER_8_34,VDD,Metal1,26.0400,50.9600,4.999924
FILLER_8_32,VDD,Metal1,25.2000,50.9600,4.999924
FILLER_8_24,VDD,Metal1,22.9065,50.3830,4.999924
FILLER_7_325,VDD,Metal1,189.0000,43.1200,4.999950
FILLER_7_323,VDD,Metal1,188.1600,43.1200,4.999950
FILLER_7_315,VDD,Metal1,185.8665,43.6965,4.999950
FILLER_7_284,VDD,Metal1,166.0400,43.1200,4.999948
FILLER_7_282,VDD,Metal1,165.2000,43.1200,4.999948
FILLER_7_250,VDD,Metal1,147.0000,43.1200,4.999943
FILLER_7_248,VDD,Metal1,146.1600,43.1200,4.999940
FILLER_7_244,VDD,Metal1,144.8600,43.5525,4.999940
FILLER_7_212,VDD,Metal1,135.0755,43.8885,4.999938
FILLER_7_158,VDD,Metal1,95.7600,43.1200,4.999938
FILLER_7_142,VDD,Metal1,91.3280,43.8120,4.999938
FILLER_6_325,VDD,Metal1,189.0000,43.1200,4.999950
FILLER_6_321,VDD,Metal1,187.9800,42.6875,4.999950
FILLER_6_274,VDD,Metal1,162.9065,42.5430,4.999943
FILLER_6_255,VDD,Metal1,151.0200,42.6875,4.999943
FILLER_6_247,VDD,Metal1,147.7865,42.5430,4.999943
FILLER_6_238,VDD,Metal1,140.2800,43.1200,4.999938
FILLER_6_236,VDD,Metal1,139.4400,43.1200,4.999938
FILLER_6_232,VDD,Metal1,138.1400,42.6875,4.999938
FILLER_6_223,VDD,Metal1,131.8800,43.1200,4.999938
FILLER_6_221,VDD,Metal1,131.0400,43.1200,4.999938
FILLER_6_205,VDD,Metal1,126.6080,42.4280,4.999938
FILLER_6_184,VDD,Metal1,110.0400,43.1200,4.999938
FILLER_6_182,VDD,Metal1,109.2000,43.1200,4.999938
FILLER_6_177,VDD,Metal1,106.1200,43.1200,4.999938
FILLER_6_174,VDD,Metal1,104.4400,43.1200,4.999938
FILLER_6_172,VDD,Metal1,103.6000,43.1200,4.999938
FILLER_6_168,VDD,Metal1,102.3000,42.6875,4.999938
FILLER_6_160,VDD,Metal1,99.0665,42.5430,4.999938
FILLER_6_144,VDD,Metal1,92.4480,42.4280,4.999938
FILLER_6_133,VDD,Metal1,81.4800,43.1200,4.999938
FILLER_6_131,VDD,Metal1,80.6400,43.1200,4.999938
FILLER_6_123,VDD,Metal1,78.3465,42.5430,4.999938
FILLER_6_107,VDD,Metal1,71.7280,42.4280,4.999938
FILLER_6_104,VDD,Metal1,65.2400,43.1200,4.999938
FILLER_6_102,VDD,Metal1,64.4000,43.1200,4.999938
FILLER_6_98,VDD,Metal1,63.1000,42.6875,4.999938
FILLER_6_75,VDD,Metal1,49.0000,43.1200,4.999938
FILLER_6_73,VDD,Metal1,48.1600,43.1200,4.999939
FILLER_6_69,VDD,Metal1,46.8600,42.6875,4.999939
FILLER_6_57,VDD,Metal1,40.1400,42.6875,4.999947
FILLER_6_49,VDD,Metal1,34.7200,43.1200,4.999947
FILLER_6_45,VDD,Metal1,33.4200,42.6875,4.999947
FILLER_6_37,VDD,Metal1,30.1865,42.5430,4.999947
FILLER_6_34,VDD,Metal1,26.0400,43.1200,4.999950
FILLER_6_32,VDD,Metal1,25.2000,43.1200,4.999950
FILLER_6_28,VDD,Metal1,23.9000,42.6875,4.999950
FILLER_6_18,VDD,Metal1,17.3600,43.1200,4.999950
FILLER_5_282,VDD,Metal1,164.9200,35.2800,4.999980
FILLER_5_279,VDD,Metal1,163.2400,35.2800,4.999979
FILLER_5_277,VDD,Metal1,162.4000,35.2800,4.999979
FILLER_5_273,VDD,Metal1,161.1000,35.7125,4.999979
FILLER_5_257,VDD,Metal1,155.7280,35.9720,4.999979
FILLER_5_222,VDD,Metal1,131.3200,35.2800,4.999979
FILLER_5_220,VDD,Metal1,130.4800,35.2800,4.999979
FILLER_5_212,VDD,Metal1,128.1865,35.8565,4.999979
FILLER_5_178,VDD,Metal1,106.6800,35.2800,4.999974
FILLER_5_176,VDD,Metal1,105.8400,35.2800,4.999974
FILLER_5_136,VDD,Metal1,84.3800,35.7125,4.999975
FILLER_5_72,VDD,Metal1,65.6750,36.0940,4.999975
FILLER_5_68,VDD,Metal1,45.3600,35.2800,4.999975
FILLER_5_36,VDD,Metal1,36.5155,36.0485,4.999975
FILLER_4_325,VDD,Metal1,189.0000,35.2800,4.999981
FILLER_4_317,VDD,Metal1,186.9865,34.7030,4.999981
FILLER_4_295,VDD,Metal1,173.4200,34.8475,4.999980
FILLER_4_279,VDD,Metal1,168.0480,34.5880,4.999980
FILLER_4_247,VDD,Metal1,154.6755,34.5110,4.999979
FILLER_4_244,VDD,Metal1,143.6400,35.2800,4.999979
FILLER_4_236,VDD,Metal1,141.6265,34.7030,4.999979
FILLER_4_227,VDD,Metal1,134.1200,35.2800,4.999979
FILLER_4_225,VDD,Metal1,133.2800,35.2800,4.999979
FILLER_4_221,VDD,Metal1,131.9800,34.8475,4.999979
FILLER_4_213,VDD,Metal1,128.7465,34.7030,4.999979
FILLER_4_197,VDD,Metal1,118.5400,34.8475,4.999978
FILLER_4_185,VDD,Metal1,111.8200,34.8475,4.999976
FILLER_4_177,VDD,Metal1,108.5865,34.7030,4.999975
FILLER_4_173,VDD,Metal1,104.1600,35.2800,4.999974
FILLER_4_169,VDD,Metal1,102.8600,34.8475,4.999974
FILLER_4_161,VDD,Metal1,99.6265,34.7030,4.999974
FILLER_4_145,VDD,Metal1,93.0080,34.5880,4.999974
FILLER_4_113,VDD,Metal1,79.6355,34.5110,4.999975
FILLER_4_104,VDD,Metal1,65.2400,35.2800,4.999975
FILLER_4_88,VDD,Metal1,61.0880,34.5880,4.999975
FILLER_4_53,VDD,Metal1,36.6800,35.2800,4.999975
FILLER_4_37,VDD,Metal1,32.5280,34.5880,4.999975
FILLER_4_34,VDD,Metal1,26.0400,35.2800,4.999976
FILLER_4_32,VDD,Metal1,25.2000,35.2800,4.999976
FILLER_4_24,VDD,Metal1,22.9065,34.7030,4.999976
FILLER_4_2,VDD,Metal1,10.5865,34.7030,4.999976
FILLER_3_309,VDD,Metal1,180.0400,27.4400,4.999974
FILLER_3_305,VDD,Metal1,179.0200,27.8725,4.999974
FILLER_3_297,VDD,Metal1,175.7865,28.0165,4.999973
FILLER_3_263,VDD,Metal1,154.5600,27.4400,4.999968
FILLER_3_228,VDD,Metal1,134.6800,27.4400,4.999955
FILLER_3_226,VDD,Metal1,133.8400,27.4400,4.999955
FILLER_3_222,VDD,Metal1,132.5400,27.8725,4.999955
FILLER_3_212,VDD,Metal1,126.0000,27.4400,4.999955
FILLER_3_202,VDD,Metal1,122.5865,28.0165,4.999955
FILLER_3_187,VDD,Metal1,112.0000,27.4400,4.999954
FILLER_3_183,VDD,Metal1,110.7000,27.8725,4.999954
FILLER_3_148,VDD,Metal1,89.8800,27.4400,4.999954
FILLER_3_146,VDD,Metal1,89.0400,27.4400,4.999954
FILLER_3_142,VDD,Metal1,87.7400,27.8725,4.999954
FILLER_3_139,VDD,Metal1,84.8400,27.4400,4.999955
FILLER_3_137,VDD,Metal1,84.0000,27.4400,4.999955
FILLER_3_133,VDD,Metal1,82.7000,27.8725,4.999955
FILLER_3_125,VDD,Metal1,79.4665,28.0165,4.999955
FILLER_3_101,VDD,Metal1,63.8400,27.4400,4.999956
FILLER_3_97,VDD,Metal1,62.5400,27.8725,4.999963
FILLER_3_89,VDD,Metal1,59.3065,28.0165,4.999963
FILLER_3_72,VDD,Metal1,47.3200,27.4400,4.999963
FILLER_3_66,VDD,Metal1,45.1800,27.8725,4.999963
FILLER_3_58,VDD,Metal1,41.9465,28.0165,4.999964
FILLER_3_42,VDD,Metal1,35.3280,28.1320,4.999964
FILLER_2_321,VDD,Metal1,186.7600,27.4400,4.999973
FILLER_2_317,VDD,Metal1,185.7400,27.0075,4.999973
FILLER_2_298,VDD,Metal1,173.8800,27.4400,4.999972
FILLER_2_296,VDD,Metal1,173.0400,27.4400,4.999972
FILLER_2_292,VDD,Metal1,171.7400,27.0075,4.999972
FILLER_2_261,VDD,Metal1,153.4400,27.4400,4.999968
FILLER_2_253,VDD,Metal1,151.1465,26.8630,4.999955
FILLER_2_237,VDD,Metal1,142.1865,26.8630,4.999955
FILLER_2_195,VDD,Metal1,118.6665,26.8630,4.999954
FILLER_2_177,VDD,Metal1,106.4000,27.4400,4.999954
FILLER_2_174,VDD,Metal1,104.4400,27.4400,4.999954
FILLER_2_162,VDD,Metal1,98.9400,27.0075,4.999954
FILLER_2_146,VDD,Metal1,89.9800,27.0075,4.999954
FILLER_2_111,VDD,Metal1,69.1600,27.4400,4.999955
FILLER_2_107,VDD,Metal1,68.1400,27.0075,4.999955
FILLER_2_103,VDD,Metal1,64.9600,27.4400,4.999956
FILLER_2_60,VDD,Metal1,40.6000,27.4400,4.999964
FILLER_2_56,VDD,Metal1,39.5800,27.0075,4.999964
FILLER_2_48,VDD,Metal1,36.3465,26.8630,4.999964
FILLER_2_39,VDD,Metal1,28.8400,27.4400,4.999965
FILLER_2_37,VDD,Metal1,28.0000,27.4400,4.999965
FILLER_2_25,VDD,Metal1,21.2800,27.4400,4.999972
FILLER_2_17,VDD,Metal1,18.9865,26.8630,4.999972
FILLER_2_10,VDD,Metal1,12.6000,27.4400,4.999972
FILLER_2_2,VDD,Metal1,10.5865,26.8630,4.999972
FILLER_1_325,VDD,Metal1,189.0000,19.6000,4.999982
FILLER_1_323,VDD,Metal1,188.1600,19.6000,4.999982
FILLER_1_319,VDD,Metal1,186.8600,20.0325,4.999982
FILLER_1_311,VDD,Metal1,183.6265,20.1765,4.999982
FILLER_1_279,VDD,Metal1,163.2400,19.6000,4.999982
FILLER_1_277,VDD,Metal1,162.4000,19.6000,4.999982
FILLER_1_273,VDD,Metal1,161.1000,20.0325,4.999981
FILLER_1_238,VDD,Metal1,140.2800,19.6000,4.999980
FILLER_1_236,VDD,Metal1,139.4400,19.6000,4.999980
FILLER_1_228,VDD,Metal1,134.9600,19.6000,4.999980
FILLER_1_212,VDD,Metal1,130.5280,20.2920,4.999980
FILLER_1_209,VDD,Metal1,124.0400,19.6000,4.999980
FILLER_1_207,VDD,Metal1,123.2000,19.6000,4.999979
FILLER_1_203,VDD,Metal1,121.9000,20.0325,4.999979
FILLER_1_187,VDD,Metal1,116.5280,20.2920,4.999979
FILLER_1_152,VDD,Metal1,92.1200,19.6000,4.999977
FILLER_1_150,VDD,Metal1,91.2800,19.6000,4.999977
FILLER_1_142,VDD,Metal1,88.9865,20.1765,4.999977
FILLER_1_136,VDD,Metal1,84.3800,20.0325,4.999974
FILLER_1_69,VDD,Metal1,45.6400,19.6000,4.999975
FILLER_1_62,VDD,Metal1,41.7200,19.6000,4.999976
FILLER_1_58,VDD,Metal1,40.7000,20.0325,4.999976
FILLER_1_22,VDD,Metal1,19.6000,19.6000,4.999976
FILLER_1_18,VDD,Metal1,18.3000,20.0325,4.999976
FILLER_1_2,VDD,Metal1,12.9280,20.2920,4.999976
FILLER_0_324,VDD,Metal1,188.7200,19.6000,4.999982
FILLER_0_308,VDD,Metal1,184.2880,18.9080,4.999982
FILLER_0_274,VDD,Metal1,169.7955,18.8310,4.999982
FILLER_0_240,VDD,Metal1,150.7555,18.8310,4.999981
FILLER_0_206,VDD,Metal1,131.7155,18.8310,4.999980
FILLER_0_203,VDD,Metal1,120.6800,19.6000,4.999979
FILLER_0_201,VDD,Metal1,119.8400,19.6000,4.999979
FILLER_0_193,VDD,Metal1,117.5465,19.0230,4.999979
FILLER_0_176,VDD,Metal1,105.5600,19.6000,4.999977
FILLER_0_172,VDD,Metal1,104.5400,19.1675,4.999977
FILLER_0_138,VDD,Metal1,93.6355,18.8310,4.999977
FILLER_0_2,VDD,Metal1,17.4755,18.8310,4.999976
hold62,VDD,Metal1,81.2625,152.5155,4.999944
clkload6,VDD,Metal1,81.4830,145.4300,4.999950
clkload5,VDD,Metal1,82.6030,121.9100,4.999939
clkload4,VDD,Metal1,33.3230,144.6500,4.999952
clkload3,VDD,Metal1,103.8830,67.0300,4.999933
clkload2,VDD,Metal1,99.3965,50.5700,4.999906
clkload1,VDD,Metal1,47.3230,66.2500,4.999946
clkload0,VDD,Metal1,52.9165,58.4100,4.999938
clkbuf_3_7__f_clk,VDD,Metal1,90.8685,144.5425,4.999950
clkbuf_3_6__f_clk,VDD,Metal1,100.0910,122.0170,4.999938
clkbuf_3_5__f_clk,VDD,Metal1,44.9485,136.7025,4.999956
clkbuf_3_4__f_clk,VDD,Metal1,45.2110,113.1825,4.999949
clkbuf_3_3__f_clk,VDD,Metal1,119.6910,66.1425,4.999934
clkbuf_3_2__f_clk,VDD,Metal1,110.1710,43.6170,4.999938
clkbuf_3_1__f_clk,VDD,Metal1,60.8910,59.2970,4.999938
clkbuf_3_0__f_clk,VDD,Metal1,64.8110,51.4570,4.999907
clkbuf_0_clk,VDD,Metal1,89.4510,105.3425,4.999901
digital_wrapper,VDD,Metal1,187.8300,26.9710,4.999973
fanout61,VDD,Metal1,178.8300,50.6300,4.999976
fanout60,VDD,Metal1,31.7300,191.7500,4.999998
fanout59,VDD,Metal1,31.5500,184.5700,4.999977
fanout58,VDD,Metal1,21.6500,191.7500,4.999998
fanout57,VDD,Metal1,101.7300,90.4900,4.999966
fanout56,VDD,Metal1,100.0500,66.3100,4.999933
fanout55,VDD,Metal1,21.6500,105.5100,4.999917
fanout54,VDD,Metal1,26.1300,66.9700,4.999952
fanout53,VDD,Metal1,181.0700,121.8500,4.999949
fanout52,VDD,Metal1,178.8300,121.1900,4.999949
fanout51,VDD,Metal1,111.0700,129.0300,4.999983
fanout50,VDD,Metal1,117.7900,161.0500,4.999986
fanout49,VDD,Metal1,178.8300,34.9500,4.999981
fanout48,VDD,Metal1,178.4500,43.4500,4.999951
max_cap47,VDD,Metal1,161.4165,50.5230,4.999971
fanout46,VDD,Metal1,72.6100,129.0300,4.999981
fanout45,VDD,Metal1,144.6700,121.8500,4.999945
max_cap44,VDD,Metal1,46.3800,82.0185,4.999957
fanout43,VDD,Metal1,178.4500,144.7100,4.999956
load_slew42,VDD,Metal1,138.6600,161.2890,4.999988
fanout41,VDD,Metal1,136.8300,153.2100,4.999982
fanout40,VDD,Metal1,178.8300,136.8700,4.999963
fanout39,VDD,Metal1,183.3100,161.0500,4.999989
max_cap38,VDD,Metal1,83.1815,98.4030,4.999965
max_cap37,VDD,Metal1,51.0600,66.3385,4.999945
max_cap36,VDD,Metal1,55.6980,137.6030,4.999956
max_cap35,VDD,Metal1,60.5800,66.9410,4.999940
max_cap34,VDD,Metal1,141.4215,168.1565,4.999986
max_cap33,VDD,Metal1,129.0580,145.4430,4.999952
fanout32,VDD,Metal1,19.7900,121.8500,4.999942
fanout31,VDD,Metal1,57.3100,42.7900,4.999938
max_cap30,VDD,Metal1,22.6580,81.9165,4.999959
max_cap29,VDD,Metal1,18.7380,89.7565,4.999971
max_cap28,VDD,Metal1,140.2580,97.5965,4.999969
output27,VDD,Metal1,184.6100,145.3700,4.999956
output26,VDD,Metal1,12.5100,97.6700,4.999970
output25,VDD,Metal1,12.5100,81.9900,4.999959
output24,VDD,Metal1,40.1300,19.2700,4.999976
output23,VDD,Metal1,69.2500,19.2700,4.999974
output22,VDD,Metal1,12.5100,50.6300,4.999924
output21,VDD,Metal1,12.5100,66.9700,4.999953
output20,VDD,Metal1,78.5900,19.2700,4.999974
output19,VDD,Metal1,59.5500,19.9300,4.999974
output18,VDD,Metal1,12.5100,129.0300,4.999983
output17,VDD,Metal1,111.6300,27.1100,4.999954
output16,VDD,Metal1,12.5100,105.5100,4.999917
output15,VDD,Metal1,12.5100,89.8300,4.999971
output14,VDD,Metal1,31.1700,19.2700,4.999976
output13,VDD,Metal1,50.2100,19.2700,4.999975
output12,VDD,Metal1,12.5100,42.7900,4.999950
output11,VDD,Metal1,12.5100,66.3100,4.999953
output10,VDD,Metal1,59.1700,19.2700,4.999974
output9,VDD,Metal1,52.2700,27.7700,4.999963
output8,VDD,Metal1,12.5100,121.1900,4.999942
output7,VDD,Metal1,110.5100,19.2700,4.999977
input6,VDD,Metal1,12.1300,144.7100,4.999964
input5,VDD,Metal1,178.4500,27.1100,4.999974
input4,VDD,Metal1,12.1300,183.9100,4.999979
input3,VDD,Metal1,97.0700,192.4100,4.999998
input2,VDD,Metal1,184.9900,27.7700,4.999973
input1,VDD,Metal1,12.1300,113.3500,4.999964
TAP_TAPCELL_ROW_45_307,VDD,Metal1,178.6400,192.7500,4.999999
TAP_TAPCELL_ROW_45_306,VDD,Metal1,159.6000,192.7500,4.999998
TAP_TAPCELL_ROW_45_305,VDD,Metal1,140.5600,192.7500,4.999998
TAP_TAPCELL_ROW_45_304,VDD,Metal1,121.5200,192.7500,4.999998
TAP_TAPCELL_ROW_45_303,VDD,Metal1,102.4800,192.7500,4.999998
TAP_TAPCELL_ROW_45_302,VDD,Metal1,83.4400,192.7500,4.999998
TAP_TAPCELL_ROW_45_301,VDD,Metal1,64.4000,192.7500,4.999998
TAP_TAPCELL_ROW_45_300,VDD,Metal1,45.3600,192.7500,4.999998
TAP_TAPCELL_ROW_45_299,VDD,Metal1,26.3200,192.7500,4.999998
TAP_TAPCELL_ROW_44_298,VDD,Metal1,183.6800,191.4100,4.999999
TAP_TAPCELL_ROW_44_297,VDD,Metal1,144.4800,191.4100,4.999998
TAP_TAPCELL_ROW_44_296,VDD,Metal1,105.2800,191.4100,4.999998
TAP_TAPCELL_ROW_44_295,VDD,Metal1,66.0800,191.4100,4.999998
TAP_TAPCELL_ROW_44_294,VDD,Metal1,26.8800,191.4100,4.999998
TAP_TAPCELL_ROW_43_293,VDD,Metal1,164.0800,184.9100,4.999986
TAP_TAPCELL_ROW_43_292,VDD,Metal1,124.8800,184.9100,4.999979
TAP_TAPCELL_ROW_43_291,VDD,Metal1,85.6800,184.9100,4.999978
TAP_TAPCELL_ROW_43_290,VDD,Metal1,46.4800,184.9100,4.999977
TAP_TAPCELL_ROW_42_289,VDD,Metal1,183.6800,183.5700,4.999986
TAP_TAPCELL_ROW_42_288,VDD,Metal1,144.4800,183.5700,4.999985
TAP_TAPCELL_ROW_42_287,VDD,Metal1,105.2800,183.5700,4.999978
TAP_TAPCELL_ROW_42_286,VDD,Metal1,66.0800,183.5700,4.999977
TAP_TAPCELL_ROW_42_285,VDD,Metal1,26.8800,183.5700,4.999978
TAP_TAPCELL_ROW_41_284,VDD,Metal1,164.0800,177.0700,4.999988
TAP_TAPCELL_ROW_41_283,VDD,Metal1,124.8800,177.0700,4.999984
TAP_TAPCELL_ROW_41_282,VDD,Metal1,85.6800,177.0700,4.999983
TAP_TAPCELL_ROW_41_281,VDD,Metal1,46.4800,177.0700,4.999982
TAP_TAPCELL_ROW_40_280,VDD,Metal1,183.6800,175.7300,4.999989
TAP_TAPCELL_ROW_40_279,VDD,Metal1,144.4800,175.7300,4.999985
TAP_TAPCELL_ROW_40_278,VDD,Metal1,105.2800,175.7300,4.999984
TAP_TAPCELL_ROW_40_277,VDD,Metal1,66.0800,175.7300,4.999983
TAP_TAPCELL_ROW_40_276,VDD,Metal1,26.8800,175.7300,4.999982
TAP_TAPCELL_ROW_39_275,VDD,Metal1,164.0800,169.2300,4.999988
TAP_TAPCELL_ROW_39_274,VDD,Metal1,124.8800,169.2300,4.999985
TAP_TAPCELL_ROW_39_273,VDD,Metal1,85.6800,169.2300,4.999985
TAP_TAPCELL_ROW_39_272,VDD,Metal1,46.4800,169.2300,4.999986
TAP_TAPCELL_ROW_38_271,VDD,Metal1,183.6800,167.8900,4.999988
TAP_TAPCELL_ROW_38_270,VDD,Metal1,144.4800,167.8900,4.999987
TAP_TAPCELL_ROW_38_269,VDD,Metal1,105.2800,167.8900,4.999985
TAP_TAPCELL_ROW_38_268,VDD,Metal1,66.0800,167.8900,4.999985
TAP_TAPCELL_ROW_38_267,VDD,Metal1,26.8800,167.8900,4.999987
TAP_TAPCELL_ROW_37_266,VDD,Metal1,164.0800,161.3900,4.999989
TAP_TAPCELL_ROW_37_265,VDD,Metal1,124.8800,161.3900,4.999986
TAP_TAPCELL_ROW_37_264,VDD,Metal1,85.6800,161.3900,4.999985
TAP_TAPCELL_ROW_37_263,VDD,Metal1,46.4800,161.3900,4.999985
TAP_TAPCELL_ROW_36_262,VDD,Metal1,183.6800,160.0500,4.999989
TAP_TAPCELL_ROW_36_261,VDD,Metal1,144.4800,160.0500,4.999989
TAP_TAPCELL_ROW_36_260,VDD,Metal1,105.2800,160.0500,4.999986
TAP_TAPCELL_ROW_36_259,VDD,Metal1,66.0800,160.0500,4.999985
TAP_TAPCELL_ROW_36_258,VDD,Metal1,26.8800,160.0500,4.999985
TAP_TAPCELL_ROW_35_257,VDD,Metal1,164.0800,153.5500,4.999984
TAP_TAPCELL_ROW_35_256,VDD,Metal1,124.8800,153.5500,4.999981
TAP_TAPCELL_ROW_35_255,VDD,Metal1,85.6800,153.5500,4.999944
TAP_TAPCELL_ROW_35_254,VDD,Metal1,46.4800,153.5500,4.999943
TAP_TAPCELL_ROW_34_253,VDD,Metal1,183.6800,152.2100,4.999984
TAP_TAPCELL_ROW_34_252,VDD,Metal1,144.4800,152.2100,4.999983
TAP_TAPCELL_ROW_34_251,VDD,Metal1,105.2800,152.2100,4.999981
TAP_TAPCELL_ROW_34_250,VDD,Metal1,66.0800,152.2100,4.999943
TAP_TAPCELL_ROW_34_249,VDD,Metal1,26.8800,152.2100,4.999946
TAP_TAPCELL_ROW_33_248,VDD,Metal1,164.0800,145.7100,4.999954
TAP_TAPCELL_ROW_33_247,VDD,Metal1,124.8800,145.7100,4.999952
TAP_TAPCELL_ROW_33_246,VDD,Metal1,85.6800,145.7100,4.999950
TAP_TAPCELL_ROW_33_245,VDD,Metal1,46.4800,145.7100,4.999952
TAP_TAPCELL_ROW_32_244,VDD,Metal1,183.6800,144.3700,4.999956
TAP_TAPCELL_ROW_32_243,VDD,Metal1,144.4800,144.3700,4.999952
TAP_TAPCELL_ROW_32_242,VDD,Metal1,105.2800,144.3700,4.999950
TAP_TAPCELL_ROW_32_241,VDD,Metal1,66.0800,144.3700,4.999950
TAP_TAPCELL_ROW_32_240,VDD,Metal1,26.8800,144.3700,4.999952
TAP_TAPCELL_ROW_31_239,VDD,Metal1,164.0800,137.8700,4.999960
TAP_TAPCELL_ROW_31_238,VDD,Metal1,124.8800,137.8700,4.999960
TAP_TAPCELL_ROW_31_237,VDD,Metal1,85.6800,137.8700,4.999957
TAP_TAPCELL_ROW_31_236,VDD,Metal1,46.4800,137.8700,4.999956
TAP_TAPCELL_ROW_30_235,VDD,Metal1,183.6800,136.5300,4.999963
TAP_TAPCELL_ROW_30_234,VDD,Metal1,144.4800,136.5300,4.999960
TAP_TAPCELL_ROW_30_233,VDD,Metal1,105.2800,136.5300,4.999959
TAP_TAPCELL_ROW_30_232,VDD,Metal1,66.0800,136.5300,4.999957
TAP_TAPCELL_ROW_30_231,VDD,Metal1,26.8800,136.5300,4.999956
TAP_TAPCELL_ROW_29_230,VDD,Metal1,164.0800,130.0300,4.999985
TAP_TAPCELL_ROW_29_229,VDD,Metal1,124.8800,130.0300,4.999983
TAP_TAPCELL_ROW_29_228,VDD,Metal1,85.6800,130.0300,4.999982
TAP_TAPCELL_ROW_29_227,VDD,Metal1,46.4800,130.0300,4.999981
TAP_TAPCELL_ROW_28_226,VDD,Metal1,183.6800,128.6900,4.999986
TAP_TAPCELL_ROW_28_225,VDD,Metal1,144.4800,128.6900,4.999984
TAP_TAPCELL_ROW_28_224,VDD,Metal1,105.2800,128.6900,4.999982
TAP_TAPCELL_ROW_28_223,VDD,Metal1,66.0800,128.6900,4.999981
TAP_TAPCELL_ROW_28_222,VDD,Metal1,26.8800,128.6900,4.999981
TAP_TAPCELL_ROW_27_221,VDD,Metal1,164.0800,122.1900,4.999947
TAP_TAPCELL_ROW_27_220,VDD,Metal1,124.8800,122.1900,4.999941
TAP_TAPCELL_ROW_27_219,VDD,Metal1,85.6800,122.1900,4.999938
TAP_TAPCELL_ROW_27_218,VDD,Metal1,46.4800,122.1900,4.999940
TAP_TAPCELL_ROW_26_217,VDD,Metal1,183.6800,120.8500,4.999949
TAP_TAPCELL_ROW_26_216,VDD,Metal1,144.4800,120.8500,4.999945
TAP_TAPCELL_ROW_26_215,VDD,Metal1,105.2800,120.8500,4.999938
TAP_TAPCELL_ROW_26_214,VDD,Metal1,66.0800,120.8500,4.999939
TAP_TAPCELL_ROW_26_213,VDD,Metal1,26.8800,120.8500,4.999940
TAP_TAPCELL_ROW_25_212,VDD,Metal1,164.0800,114.3500,4.999958
TAP_TAPCELL_ROW_25_211,VDD,Metal1,124.8800,114.3500,4.999955
TAP_TAPCELL_ROW_25_210,VDD,Metal1,85.6800,114.3500,4.999954
TAP_TAPCELL_ROW_25_209,VDD,Metal1,46.4800,114.3500,4.999949
TAP_TAPCELL_ROW_24_208,VDD,Metal1,183.6800,113.0100,4.999961
TAP_TAPCELL_ROW_24_207,VDD,Metal1,144.4800,113.0100,4.999956
TAP_TAPCELL_ROW_24_206,VDD,Metal1,105.2800,113.0100,4.999955
TAP_TAPCELL_ROW_24_205,VDD,Metal1,66.0800,113.0100,4.999951
TAP_TAPCELL_ROW_24_204,VDD,Metal1,26.8800,113.0100,4.999950
TAP_TAPCELL_ROW_23_203,VDD,Metal1,164.0800,106.5100,4.999944
TAP_TAPCELL_ROW_23_202,VDD,Metal1,124.8800,106.5100,4.999933
TAP_TAPCELL_ROW_23_201,VDD,Metal1,85.6800,106.5100,4.999901
TAP_TAPCELL_ROW_23_200,VDD,Metal1,46.4800,106.5100,4.999909
TAP_TAPCELL_ROW_22_199,VDD,Metal1,183.6800,105.1700,4.999944
TAP_TAPCELL_ROW_22_198,VDD,Metal1,144.4800,105.1700,4.999936
TAP_TAPCELL_ROW_22_197,VDD,Metal1,105.2800,105.1700,4.999906
TAP_TAPCELL_ROW_22_196,VDD,Metal1,66.0800,105.1700,4.999902
TAP_TAPCELL_ROW_22_195,VDD,Metal1,26.8800,105.1700,4.999914
TAP_TAPCELL_ROW_21_194,VDD,Metal1,164.0800,98.6700,4.999970
TAP_TAPCELL_ROW_21_193,VDD,Metal1,124.8800,98.6700,4.999968
TAP_TAPCELL_ROW_21_192,VDD,Metal1,85.6800,98.6700,4.999965
TAP_TAPCELL_ROW_21_191,VDD,Metal1,46.4800,98.6700,4.999969
TAP_TAPCELL_ROW_20_190,VDD,Metal1,183.6800,97.3300,4.999972
TAP_TAPCELL_ROW_20_189,VDD,Metal1,144.4800,97.3300,4.999970
TAP_TAPCELL_ROW_20_188,VDD,Metal1,105.2800,97.3300,4.999966
TAP_TAPCELL_ROW_20_187,VDD,Metal1,66.0800,97.3300,4.999968
TAP_TAPCELL_ROW_20_186,VDD,Metal1,26.8800,97.3300,4.999970
TAP_TAPCELL_ROW_19_185,VDD,Metal1,164.0800,90.8300,4.999969
TAP_TAPCELL_ROW_19_184,VDD,Metal1,124.8800,90.8300,4.999968
TAP_TAPCELL_ROW_19_183,VDD,Metal1,85.6800,90.8300,4.999966
TAP_TAPCELL_ROW_19_182,VDD,Metal1,46.4800,90.8300,4.999971
TAP_TAPCELL_ROW_18_181,VDD,Metal1,183.6800,89.4900,4.999970
TAP_TAPCELL_ROW_18_180,VDD,Metal1,144.4800,89.4900,4.999968
TAP_TAPCELL_ROW_18_179,VDD,Metal1,105.2800,89.4900,4.999967
TAP_TAPCELL_ROW_18_178,VDD,Metal1,66.0800,89.4900,4.999963
TAP_TAPCELL_ROW_18_177,VDD,Metal1,26.8800,89.4900,4.999971
TAP_TAPCELL_ROW_17_176,VDD,Metal1,164.0800,82.9900,4.999968
TAP_TAPCELL_ROW_17_175,VDD,Metal1,124.8800,82.9900,4.999964
TAP_TAPCELL_ROW_17_174,VDD,Metal1,85.6800,82.9900,4.999958
TAP_TAPCELL_ROW_17_173,VDD,Metal1,46.4800,82.9900,4.999957
TAP_TAPCELL_ROW_16_172,VDD,Metal1,183.6800,81.6500,4.999970
TAP_TAPCELL_ROW_16_171,VDD,Metal1,144.4800,81.6500,4.999966
TAP_TAPCELL_ROW_16_170,VDD,Metal1,105.2800,81.6500,4.999959
TAP_TAPCELL_ROW_16_169,VDD,Metal1,66.0800,81.6500,4.999957
TAP_TAPCELL_ROW_16_168,VDD,Metal1,26.8800,81.6500,4.999958
TAP_TAPCELL_ROW_15_167,VDD,Metal1,164.0800,75.1500,4.999988
TAP_TAPCELL_ROW_15_166,VDD,Metal1,124.8800,75.1500,4.999987
TAP_TAPCELL_ROW_15_165,VDD,Metal1,85.6800,75.1500,4.999983
TAP_TAPCELL_ROW_15_164,VDD,Metal1,46.4800,75.1500,4.999984
TAP_TAPCELL_ROW_14_163,VDD,Metal1,183.6800,73.8100,4.999989
TAP_TAPCELL_ROW_14_162,VDD,Metal1,144.4800,73.8100,4.999987
TAP_TAPCELL_ROW_14_161,VDD,Metal1,105.2800,73.8100,4.999985
TAP_TAPCELL_ROW_14_160,VDD,Metal1,66.0800,73.8100,4.999983
TAP_TAPCELL_ROW_14_159,VDD,Metal1,26.8800,73.8100,4.999984
TAP_TAPCELL_ROW_13_158,VDD,Metal1,164.0800,67.3100,4.999939
TAP_TAPCELL_ROW_13_157,VDD,Metal1,124.8800,67.3100,4.999934
TAP_TAPCELL_ROW_13_156,VDD,Metal1,85.6800,67.3100,4.999933
TAP_TAPCELL_ROW_13_155,VDD,Metal1,46.4800,67.3100,4.999946
TAP_TAPCELL_ROW_12_154,VDD,Metal1,183.6800,65.9700,4.999942
TAP_TAPCELL_ROW_12_153,VDD,Metal1,144.4800,65.9700,4.999936
TAP_TAPCELL_ROW_12_152,VDD,Metal1,105.2800,65.9700,4.999933
TAP_TAPCELL_ROW_12_151,VDD,Metal1,66.0800,65.9700,4.999940
TAP_TAPCELL_ROW_12_150,VDD,Metal1,26.8800,65.9700,4.999952
TAP_TAPCELL_ROW_11_149,VDD,Metal1,164.0800,59.4700,4.999956
TAP_TAPCELL_ROW_11_148,VDD,Metal1,124.8800,59.4700,4.999951
TAP_TAPCELL_ROW_11_147,VDD,Metal1,85.6800,59.4700,4.999939
TAP_TAPCELL_ROW_11_146,VDD,Metal1,46.4800,59.4700,4.999939
TAP_TAPCELL_ROW_10_145,VDD,Metal1,183.6800,58.1300,4.999959
TAP_TAPCELL_ROW_10_144,VDD,Metal1,144.4800,58.1300,4.999954
TAP_TAPCELL_ROW_10_143,VDD,Metal1,105.2800,58.1300,4.999940
TAP_TAPCELL_ROW_10_142,VDD,Metal1,66.0800,58.1300,4.999938
TAP_TAPCELL_ROW_10_141,VDD,Metal1,26.8800,58.1300,4.999943
TAP_TAPCELL_ROW_9_140,VDD,Metal1,164.0800,51.6300,4.999972
TAP_TAPCELL_ROW_9_139,VDD,Metal1,124.8800,51.6300,4.999942
TAP_TAPCELL_ROW_9_138,VDD,Metal1,85.6800,51.6300,4.999907
TAP_TAPCELL_ROW_9_137,VDD,Metal1,46.4800,51.6300,4.999908
TAP_TAPCELL_ROW_8_136,VDD,Metal1,183.6800,50.2900,4.999976
TAP_TAPCELL_ROW_8_135,VDD,Metal1,144.4800,50.2900,4.999946
TAP_TAPCELL_ROW_8_134,VDD,Metal1,105.2800,50.2900,4.999912
TAP_TAPCELL_ROW_8_133,VDD,Metal1,66.0800,50.2900,4.999907
TAP_TAPCELL_ROW_8_132,VDD,Metal1,26.8800,50.2900,4.999922
TAP_TAPCELL_ROW_7_131,VDD,Metal1,164.0800,43.7900,4.999943
TAP_TAPCELL_ROW_7_130,VDD,Metal1,124.8800,43.7900,4.999938
TAP_TAPCELL_ROW_7_129,VDD,Metal1,85.6800,43.7900,4.999938
TAP_TAPCELL_ROW_7_128,VDD,Metal1,46.4800,43.7900,4.999939
TAP_TAPCELL_ROW_6_127,VDD,Metal1,183.6800,42.4500,4.999950
TAP_TAPCELL_ROW_6_126,VDD,Metal1,144.4800,42.4500,4.999940
TAP_TAPCELL_ROW_6_125,VDD,Metal1,105.2800,42.4500,4.999938
TAP_TAPCELL_ROW_6_124,VDD,Metal1,66.0800,42.4500,4.999938
TAP_TAPCELL_ROW_6_123,VDD,Metal1,26.8800,42.4500,4.999949
TAP_TAPCELL_ROW_5_122,VDD,Metal1,164.0800,35.9500,4.999980
TAP_TAPCELL_ROW_5_121,VDD,Metal1,124.8800,35.9500,4.999978
TAP_TAPCELL_ROW_5_120,VDD,Metal1,85.6800,35.9500,4.999975
TAP_TAPCELL_ROW_5_119,VDD,Metal1,46.4800,35.9500,4.999975
TAP_TAPCELL_ROW_4_118,VDD,Metal1,183.6800,34.6100,4.999981
TAP_TAPCELL_ROW_4_117,VDD,Metal1,144.4800,34.6100,4.999979
TAP_TAPCELL_ROW_4_116,VDD,Metal1,105.2800,34.6100,4.999974
TAP_TAPCELL_ROW_4_115,VDD,Metal1,66.0800,34.6100,4.999975
TAP_TAPCELL_ROW_4_114,VDD,Metal1,26.8800,34.6100,4.999976
TAP_TAPCELL_ROW_3_113,VDD,Metal1,164.0800,28.1100,4.999972
TAP_TAPCELL_ROW_3_112,VDD,Metal1,124.8800,28.1100,4.999955
TAP_TAPCELL_ROW_3_111,VDD,Metal1,85.6800,28.1100,4.999955
TAP_TAPCELL_ROW_3_110,VDD,Metal1,46.4800,28.1100,4.999963
TAP_TAPCELL_ROW_2_109,VDD,Metal1,183.6800,26.7700,4.999973
TAP_TAPCELL_ROW_2_108,VDD,Metal1,144.4800,26.7700,4.999955
TAP_TAPCELL_ROW_2_107,VDD,Metal1,105.2800,26.7700,4.999954
TAP_TAPCELL_ROW_2_106,VDD,Metal1,66.0800,26.7700,4.999955
TAP_TAPCELL_ROW_2_105,VDD,Metal1,26.8800,26.7700,4.999965
TAP_TAPCELL_ROW_1_104,VDD,Metal1,164.0800,20.2700,4.999982
TAP_TAPCELL_ROW_1_103,VDD,Metal1,124.8800,20.2700,4.999980
TAP_TAPCELL_ROW_1_102,VDD,Metal1,85.6800,20.2700,4.999975
TAP_TAPCELL_ROW_1_101,VDD,Metal1,46.4800,20.2700,4.999975
TAP_TAPCELL_ROW_0_100,VDD,Metal1,178.6400,18.9300,4.999982
TAP_TAPCELL_ROW_0_99,VDD,Metal1,159.6000,18.9300,4.999981
TAP_TAPCELL_ROW_0_98,VDD,Metal1,140.5600,18.9300,4.999980
TAP_TAPCELL_ROW_0_97,VDD,Metal1,121.5200,18.9300,4.999979
TAP_TAPCELL_ROW_0_96,VDD,Metal1,102.4800,18.9300,4.999977
TAP_TAPCELL_ROW_0_95,VDD,Metal1,83.4400,18.9300,4.999974
TAP_TAPCELL_ROW_0_94,VDD,Metal1,64.4000,18.9300,4.999974
TAP_TAPCELL_ROW_0_93,VDD,Metal1,45.3600,18.9300,4.999975
TAP_TAPCELL_ROW_0_92,VDD,Metal1,26.3200,18.9300,4.999976
PHY_EDGE_ROW_45_Left_91,VDD,Metal1,7.2730,192.7515,4.999998
PHY_EDGE_ROW_44_Left_90,VDD,Metal1,7.2730,191.4080,4.999998
PHY_EDGE_ROW_43_Left_89,VDD,Metal1,7.2730,184.9115,4.999979
PHY_EDGE_ROW_42_Left_88,VDD,Metal1,7.2730,183.5680,4.999979
PHY_EDGE_ROW_41_Left_87,VDD,Metal1,7.2730,177.0715,4.999982
PHY_EDGE_ROW_40_Left_86,VDD,Metal1,7.2730,175.7280,4.999982
PHY_EDGE_ROW_39_Left_85,VDD,Metal1,7.2730,169.2315,4.999987
PHY_EDGE_ROW_38_Left_84,VDD,Metal1,7.2730,167.8880,4.999987
PHY_EDGE_ROW_37_Left_83,VDD,Metal1,7.2730,161.3915,4.999985
PHY_EDGE_ROW_36_Left_82,VDD,Metal1,7.2730,160.0480,4.999985
PHY_EDGE_ROW_35_Left_81,VDD,Metal1,7.2730,153.5515,4.999960
PHY_EDGE_ROW_34_Left_80,VDD,Metal1,7.2730,152.2080,4.999960
PHY_EDGE_ROW_33_Left_79,VDD,Metal1,7.2730,145.7115,4.999964
PHY_EDGE_ROW_32_Left_78,VDD,Metal1,7.2730,144.3680,4.999964
PHY_EDGE_ROW_31_Left_77,VDD,Metal1,7.2730,137.8715,4.999956
PHY_EDGE_ROW_30_Left_76,VDD,Metal1,7.2730,136.5280,4.999956
PHY_EDGE_ROW_29_Left_75,VDD,Metal1,7.2730,130.0315,4.999983
PHY_EDGE_ROW_28_Left_74,VDD,Metal1,7.2730,128.6880,4.999983
PHY_EDGE_ROW_27_Left_73,VDD,Metal1,7.2730,122.1915,4.999942
PHY_EDGE_ROW_26_Left_72,VDD,Metal1,7.2730,120.8480,4.999942
PHY_EDGE_ROW_25_Left_71,VDD,Metal1,7.2730,114.3515,4.999964
PHY_EDGE_ROW_24_Left_70,VDD,Metal1,7.2730,113.0080,4.999964
PHY_EDGE_ROW_23_Left_69,VDD,Metal1,7.2730,106.5115,4.999917
PHY_EDGE_ROW_22_Left_68,VDD,Metal1,7.2730,105.1680,4.999917
PHY_EDGE_ROW_21_Left_67,VDD,Metal1,7.2730,98.6715,4.999970
PHY_EDGE_ROW_20_Left_66,VDD,Metal1,7.2730,97.3280,4.999970
PHY_EDGE_ROW_19_Left_65,VDD,Metal1,7.2730,90.8315,4.999971
PHY_EDGE_ROW_18_Left_64,VDD,Metal1,7.2730,89.4880,4.999971
PHY_EDGE_ROW_17_Left_63,VDD,Metal1,7.2730,82.9915,4.999959
PHY_EDGE_ROW_16_Left_62,VDD,Metal1,7.2730,81.6480,4.999959
PHY_EDGE_ROW_15_Left_61,VDD,Metal1,7.2730,75.1515,4.999984
PHY_EDGE_ROW_14_Left_60,VDD,Metal1,7.2730,73.8080,4.999984
PHY_EDGE_ROW_13_Left_59,VDD,Metal1,7.2730,67.3115,4.999953
PHY_EDGE_ROW_12_Left_58,VDD,Metal1,7.2730,65.9680,4.999953
PHY_EDGE_ROW_11_Left_57,VDD,Metal1,7.2730,59.4715,4.999943
PHY_EDGE_ROW_10_Left_56,VDD,Metal1,7.2730,58.1280,4.999943
PHY_EDGE_ROW_9_Left_55,VDD,Metal1,7.2730,51.6315,4.999924
PHY_EDGE_ROW_8_Left_54,VDD,Metal1,7.2730,50.2880,4.999924
PHY_EDGE_ROW_7_Left_53,VDD,Metal1,7.2730,43.7915,4.999950
PHY_EDGE_ROW_6_Left_52,VDD,Metal1,7.2730,42.4480,4.999950
PHY_EDGE_ROW_5_Left_51,VDD,Metal1,7.2730,35.9515,4.999976
PHY_EDGE_ROW_4_Left_50,VDD,Metal1,7.2730,34.6080,4.999976
PHY_EDGE_ROW_3_Left_49,VDD,Metal1,7.2730,28.1115,4.999972
PHY_EDGE_ROW_2_Left_48,VDD,Metal1,7.2730,26.7680,4.999972
PHY_EDGE_ROW_1_Left_47,VDD,Metal1,7.2730,20.2715,4.999976
PHY_EDGE_ROW_0_Left_46,VDD,Metal1,7.2730,18.9280,4.999976
PHY_EDGE_ROW_45_Right_45,VDD,Metal1,189.8465,192.7515,4.999999
PHY_EDGE_ROW_44_Right_44,VDD,Metal1,189.8465,191.4080,4.999999
PHY_EDGE_ROW_43_Right_43,VDD,Metal1,189.8465,184.9115,4.999986
PHY_EDGE_ROW_42_Right_42,VDD,Metal1,189.8465,183.5680,4.999986
PHY_EDGE_ROW_41_Right_41,VDD,Metal1,189.8465,177.0715,4.999989
PHY_EDGE_ROW_40_Right_40,VDD,Metal1,189.8465,175.7280,4.999989
PHY_EDGE_ROW_39_Right_39,VDD,Metal1,189.8465,169.2315,4.999988
PHY_EDGE_ROW_38_Right_38,VDD,Metal1,189.8465,167.8880,4.999988
PHY_EDGE_ROW_37_Right_37,VDD,Metal1,189.8465,161.3915,4.999989
PHY_EDGE_ROW_36_Right_36,VDD,Metal1,189.8465,160.0480,4.999989
PHY_EDGE_ROW_35_Right_35,VDD,Metal1,189.8465,153.5515,4.999984
PHY_EDGE_ROW_34_Right_34,VDD,Metal1,189.8465,152.2080,4.999984
PHY_EDGE_ROW_33_Right_33,VDD,Metal1,189.8465,145.7115,4.999956
PHY_EDGE_ROW_32_Right_32,VDD,Metal1,189.8465,144.3680,4.999956
PHY_EDGE_ROW_31_Right_31,VDD,Metal1,189.8465,137.8715,4.999963
PHY_EDGE_ROW_30_Right_30,VDD,Metal1,189.8465,136.5280,4.999963
PHY_EDGE_ROW_29_Right_29,VDD,Metal1,189.8465,130.0315,4.999986
PHY_EDGE_ROW_28_Right_28,VDD,Metal1,189.8465,128.6880,4.999986
PHY_EDGE_ROW_27_Right_27,VDD,Metal1,189.8465,122.1915,4.999949
PHY_EDGE_ROW_26_Right_26,VDD,Metal1,189.8465,120.8480,4.999949
PHY_EDGE_ROW_25_Right_25,VDD,Metal1,189.8465,114.3515,4.999961
PHY_EDGE_ROW_24_Right_24,VDD,Metal1,189.8465,113.0080,4.999961
PHY_EDGE_ROW_23_Right_23,VDD,Metal1,189.8465,106.5115,4.999944
PHY_EDGE_ROW_22_Right_22,VDD,Metal1,189.8465,105.1680,4.999944
PHY_EDGE_ROW_21_Right_21,VDD,Metal1,189.8465,98.6715,4.999972
PHY_EDGE_ROW_20_Right_20,VDD,Metal1,189.8465,97.3280,4.999972
PHY_EDGE_ROW_19_Right_19,VDD,Metal1,189.8465,90.8315,4.999970
PHY_EDGE_ROW_18_Right_18,VDD,Metal1,189.8465,89.4880,4.999970
PHY_EDGE_ROW_17_Right_17,VDD,Metal1,189.8465,82.9915,4.999970
PHY_EDGE_ROW_16_Right_16,VDD,Metal1,189.8465,81.6480,4.999970
PHY_EDGE_ROW_15_Right_15,VDD,Metal1,189.8465,75.1515,4.999989
PHY_EDGE_ROW_14_Right_14,VDD,Metal1,189.8465,73.8080,4.999989
PHY_EDGE_ROW_13_Right_13,VDD,Metal1,189.8465,67.3115,4.999942
PHY_EDGE_ROW_12_Right_12,VDD,Metal1,189.8465,65.9680,4.999942
PHY_EDGE_ROW_11_Right_11,VDD,Metal1,189.8465,59.4715,4.999959
PHY_EDGE_ROW_10_Right_10,VDD,Metal1,189.8465,58.1280,4.999959
PHY_EDGE_ROW_9_Right_9,VDD,Metal1,189.8465,51.6315,4.999976
PHY_EDGE_ROW_8_Right_8,VDD,Metal1,189.8465,50.2880,4.999976
PHY_EDGE_ROW_7_Right_7,VDD,Metal1,189.8465,43.7915,4.999950
PHY_EDGE_ROW_6_Right_6,VDD,Metal1,189.8465,42.4480,4.999950
PHY_EDGE_ROW_5_Right_5,VDD,Metal1,189.8465,35.9515,4.999981
PHY_EDGE_ROW_4_Right_4,VDD,Metal1,189.8465,34.6080,4.999981
PHY_EDGE_ROW_3_Right_3,VDD,Metal1,189.8465,28.1115,4.999973
PHY_EDGE_ROW_2_Right_2,VDD,Metal1,189.8465,26.7680,4.999973
PHY_EDGE_ROW_1_Right_1,VDD,Metal1,189.8465,20.2715,4.999982
PHY_EDGE_ROW_0_Right_0,VDD,Metal1,189.8465,18.9280,4.999982
_777_,VDD,Metal1,132.1565,136.5965,4.999960
_776_,VDD,Metal1,64.9565,145.6430,4.999950
_775_,VDD,Metal1,67.1965,129.9630,4.999981
_774_,VDD,Metal1,31.3565,137.8030,4.999956
_773_,VDD,Metal1,56.0030,153.4830,4.999943
_772_,VDD,Metal1,75.0430,153.4830,4.999943
_771_,VDD,Metal1,72.5490,137.7780,4.999957
_770_,VDD,Metal1,153.0465,160.1350,4.999989
_769_,VDD,Metal1,132.8865,175.8150,4.999985
_768_,VDD,Metal1,134.2330,184.8245,4.999984
_767_,VDD,Metal1,155.2865,175.8150,4.999987
_766_,VDD,Metal1,155.2865,184.8245,4.999985
_765_,VDD,Metal1,178.2465,184.8245,4.999986
_764_,VDD,Metal1,180.4865,153.4645,4.999984
_763_,VDD,Metal1,179.3665,169.1445,4.999988
_762_,VDD,Metal1,162.0065,136.6150,4.999960
_761_,VDD,Metal1,164.8065,120.9350,4.999947
_760_,VDD,Metal1,155.2865,43.7045,4.999943
_759_,VDD,Metal1,162.0065,26.8550,4.999972
_758_,VDD,Metal1,172.8730,20.1845,4.999982
_757_,VDD,Metal1,158.0865,58.2150,4.999956
_756_,VDD,Metal1,158.6465,66.0550,4.999939
_755_,VDD,Metal1,162.0065,81.7350,4.999968
_754_,VDD,Metal1,162.0065,97.4150,4.999970
_753_,VDD,Metal1,167.6065,105.2550,4.999944
_752_,VDD,Metal1,134.5665,160.1350,4.999988
_751_,VDD,Metal1,118.3265,160.1350,4.999986
_750_,VDD,Metal1,113.8465,144.4550,4.999950
_749_,VDD,Metal1,94.8065,136.6150,4.999958
_748_,VDD,Metal1,88.6465,128.7750,4.999982
_747_,VDD,Metal1,94.2465,137.7845,4.999958
_746_,VDD,Metal1,87.5265,160.1350,4.999985
_745_,VDD,Metal1,90.3265,175.8150,4.999983
_744_,VDD,Metal1,96.4865,183.6550,4.999978
_743_,VDD,Metal1,89.7665,191.4950,4.999998
_742_,VDD,Metal1,139.8330,145.6245,4.999952
_741_,VDD,Metal1,130.0865,144.4550,4.999952
_740_,VDD,Metal1,112.9530,137.7845,4.999959
_739_,VDD,Metal1,113.8465,120.9350,4.999938
_738_,VDD,Metal1,102.0865,114.2645,4.999955
_737_,VDD,Metal1,95.9265,113.0950,4.999955
_736_,VDD,Metal1,96.4865,152.2950,4.999981
_735_,VDD,Metal1,104.8865,161.3045,4.999986
_734_,VDD,Metal1,115.5265,175.8150,4.999984
_733_,VDD,Metal1,109.9265,184.8245,4.999978
_732_,VDD,Metal1,151.1965,137.8030,4.999960
_731_,VDD,Metal1,151.1965,114.2830,4.999956
_730_,VDD,Metal1,141.6765,35.8830,4.999979
_729_,VDD,Metal1,145.0365,28.0430,4.999955
_728_,VDD,Metal1,130.4765,26.8365,4.999955
_727_,VDD,Metal1,143.9165,51.5630,4.999946
_726_,VDD,Metal1,142.7965,67.2430,4.999936
_725_,VDD,Metal1,145.5965,82.9230,4.999966
_724_,VDD,Metal1,144.4765,90.7630,4.999968
_723_,VDD,Metal1,149.5165,98.6030,4.999970
_722_,VDD,Metal1,68.3230,184.8430,4.999977
_721_,VDD,Metal1,75.6030,183.6365,4.999977
_720_,VDD,Metal1,70.0030,169.1630,4.999985
_719_,VDD,Metal1,41.4365,183.6365,4.999977
_718_,VDD,Metal1,17.9165,184.8430,4.999979
_717_,VDD,Metal1,17.9165,177.0030,4.999982
_716_,VDD,Metal1,17.9165,153.4830,4.999960
_715_,VDD,Metal1,17.9165,145.6430,4.999964
_714_,VDD,Metal1,60.7890,82.8980,4.999957
_713_,VDD,Metal1,36.9565,82.9230,4.999957
_712_,VDD,Metal1,36.9565,106.4430,4.999912
_711_,VDD,Metal1,36.1490,122.0980,4.999940
_710_,VDD,Metal1,76.7165,120.9165,4.999939
_709_,VDD,Metal1,92.3965,89.5565,4.999966
_708_,VDD,Metal1,96.3165,35.8830,4.999974
_707_,VDD,Metal1,75.0430,43.7230,4.999938
_706_,VDD,Metal1,96.3165,51.5630,4.999906
_705_,VDD,Metal1,96.3165,59.4030,4.999939
_704_,VDD,Metal1,89.5965,73.8765,4.999983
_703_,VDD,Metal1,83.9965,66.0365,4.999933
_702_,VDD,Metal1,76.1565,106.4430,4.999901
_701_,VDD,Metal1,95.7565,97.3965,4.999965
_700_,VDD,Metal1,17.9165,106.4430,4.999917
_699_,VDD,Metal1,17.9165,82.9230,4.999959
_698_,VDD,Metal1,17.9165,28.0430,4.999972
_697_,VDD,Metal1,47.0365,34.6765,4.999975
_696_,VDD,Metal1,17.9165,35.8830,4.999976
_695_,VDD,Metal1,17.9165,51.5630,4.999924
_694_,VDD,Metal1,55.4365,26.8365,4.999963
_693_,VDD,Metal1,36.9565,43.7230,4.999947
_692_,VDD,Metal1,17.9165,114.2830,4.999964
_691_,VDD,Metal1,100.2365,28.0430,4.999954
_690_,VDD,Metal1,20.1565,98.6030,4.999970
_689_,VDD,Metal1,20.7165,75.0830,4.999984
_688_,VDD,Metal1,30.2365,20.2030,4.999976
_687_,VDD,Metal1,72.8030,20.2030,4.999974
_686_,VDD,Metal1,17.9165,43.7230,4.999950
_685_,VDD,Metal1,24.0765,59.4030,4.999943
_684_,VDD,Metal1,78.4030,26.8365,4.999955
_683_,VDD,Metal1,57.1165,43.7230,4.999938
_682_,VDD,Metal1,17.9165,129.9630,4.999983
_681_,VDD,Metal1,102.4765,20.2030,4.999977
_680_,VDD,Metal1,181.0465,98.5845,4.999972
_679_,VDD,Metal1,179.9265,137.7845,4.999963
_678_,VDD,Metal1,179.3665,129.9445,4.999986
_677_,VDD,Metal1,181.0465,114.2645,4.999961
_676_,VDD,Metal1,174.8865,42.5350,4.999950
_675_,VDD,Metal1,181.2730,35.8645,4.999981
_674_,VDD,Metal1,179.0330,51.5445,4.999976
_673_,VDD,Metal1,174.8865,66.0550,4.999942
_672_,VDD,Metal1,179.5930,75.0645,4.999989
_671_,VDD,Metal1,180.4865,82.9045,4.999970
_670_,VDD,Metal1,164.2465,152.2950,4.999984
_669_,VDD,Metal1,150.6365,20.2030,4.999981
_668_,VDD,Metal1,90.2675,106.4190,4.999901
_667_,VDD,Metal1,89.7075,153.4590,4.999981
_666_,VDD,Metal1,90.2675,161.2990,4.999985
_665_,VDD,Metal1,93.6275,169.1390,4.999985
_664_,VDD,Metal1,96.9875,184.8190,4.999978
_663_,VDD,Metal1,91.3875,176.9790,4.999983
_662_,VDD,Metal1,138.7725,152.3005,4.999982
_661_,VDD,Metal1,128.9075,137.7790,4.999960
_660_,VDD,Metal1,119.3875,129.9390,4.999983
_659_,VDD,Metal1,110.9875,129.9390,4.999983
_658_,VDD,Metal1,99.7875,106.4190,4.999901
_657_,VDD,Metal1,96.4275,120.9405,4.999938
_656_,VDD,Metal1,97.5475,145.6190,4.999950
_655_,VDD,Metal1,99.7875,160.1405,4.999986
_654_,VDD,Metal1,112.6675,169.1390,4.999985
_653_,VDD,Metal1,109.3075,183.6605,4.999978
_652_,VDD,Metal1,140.4265,176.9365,4.999985
_651_,VDD,Metal1,166.0135,176.0100,4.999988
_650_,VDD,Metal1,165.2500,160.2975,4.999989
_649_,VDD,Metal1,172.0200,176.8225,4.999988
_648_,VDD,Metal1,147.9800,136.8175,4.999960
_647_,VDD,Metal1,138.7800,128.9375,4.999983
_646_,VDD,Metal1,150.5400,136.7775,4.999960
_645_,VDD,Metal1,147.9800,121.1375,4.999945
_644_,VDD,Metal1,150.5400,121.0975,4.999946
_643_,VDD,Metal1,129.7130,121.0255,4.999942
_642_,VDD,Metal1,135.1000,42.7375,4.999938
_641_,VDD,Metal1,120.3850,35.8200,4.999978
_640_,VDD,Metal1,118.5800,42.7375,4.999938
_639_,VDD,Metal1,141.5800,42.6975,4.999938
_638_,VDD,Metal1,137.3400,34.8975,4.999979
_637_,VDD,Metal1,146.0600,27.0175,4.999955
_636_,VDD,Metal1,122.4000,34.9225,4.999978
_635_,VDD,Metal1,115.7530,58.3580,4.999946
_634_,VDD,Metal1,129.5000,27.8225,4.999955
_633_,VDD,Metal1,122.4000,58.4425,4.999948
_632_,VDD,Metal1,118.2765,59.2330,4.999947
_631_,VDD,Metal1,137.8600,20.0225,4.999980
_630_,VDD,Metal1,137.9000,58.4175,4.999954
_629_,VDD,Metal1,146.0600,58.3775,4.999954
_628_,VDD,Metal1,128.5600,59.1575,4.999954
_627_,VDD,Metal1,136.7800,74.0975,4.999987
_626_,VDD,Metal1,120.7200,74.8375,4.999987
_625_,VDD,Metal1,125.5800,81.9375,4.999964
_624_,VDD,Metal1,141.5800,74.0575,4.999987
_623_,VDD,Metal1,138.4600,81.9375,4.999966
_622_,VDD,Metal1,146.0600,81.8975,4.999966
_621_,VDD,Metal1,120.7200,82.6775,4.999962
_620_,VDD,Metal1,137.9000,98.3825,4.999969
_619_,VDD,Metal1,146.0600,97.5775,4.999970
_618_,VDD,Metal1,124.6730,97.5055,4.999968
_617_,VDD,Metal1,142.3800,105.4575,4.999936
_616_,VDD,Metal1,148.8600,105.4175,4.999936
_615_,VDD,Metal1,139.5800,121.1375,4.999943
_614_,VDD,Metal1,142.5100,120.9565,4.999944
_613_,VDD,Metal1,134.1100,122.0830,4.999943
_612_,VDD,Metal1,129.2430,114.1130,4.999955
_611_,VDD,Metal1,126.4600,121.9425,4.999942
_610_,VDD,Metal1,122.0400,51.2250,4.999939
_609_,VDD,Metal1,115.8200,51.3825,4.999937
_608_,VDD,Metal1,108.8975,66.9350,4.999934
_607_,VDD,Metal1,116.1900,50.3965,4.999937
_606_,VDD,Metal1,114.6830,35.7130,4.999978
_605_,VDD,Metal1,121.5700,50.5375,4.999939
_604_,VDD,Metal1,108.4000,59.1575,4.999942
_603_,VDD,Metal1,113.3900,59.3630,4.999946
_602_,VDD,Metal1,108.9600,58.4425,4.999942
_601_,VDD,Metal1,108.5400,51.3825,4.999912
_600_,VDD,Metal1,126.4600,51.3825,4.999946
_599_,VDD,Metal1,113.4400,42.7625,4.999938
_598_,VDD,Metal1,111.1500,35.8430,4.999976
_597_,VDD,Metal1,118.4300,28.0030,4.999954
_596_,VDD,Metal1,115.1275,27.8625,4.999954
_595_,VDD,Metal1,108.3500,35.8430,4.999975
_594_,VDD,Metal1,114.3330,34.8325,4.999978
_593_,VDD,Metal1,119.3500,81.9475,4.999962
_592_,VDD,Metal1,114.6600,82.7025,4.999961
_591_,VDD,Metal1,117.8900,73.9165,4.999986
_590_,VDD,Metal1,105.3500,82.6925,4.999959
_589_,VDD,Metal1,115.6300,81.7565,4.999961
_588_,VDD,Metal1,114.8930,74.9275,4.999986
_587_,VDD,Metal1,105.6000,74.8375,4.999985
_586_,VDD,Metal1,103.3100,81.7565,4.999959
_585_,VDD,Metal1,109.5200,81.9625,4.999960
_584_,VDD,Metal1,110.4130,82.7675,4.999960
_583_,VDD,Metal1,127.5630,98.4330,4.999968
_582_,VDD,Metal1,121.1000,90.5425,4.999968
_581_,VDD,Metal1,118.9525,98.4225,4.999967
_580_,VDD,Metal1,118.0600,106.2625,4.999911
_579_,VDD,Metal1,123.4700,105.2765,4.999933
_578_,VDD,Metal1,119.3730,105.3925,4.999911
_577_,VDD,Metal1,130.1900,122.0830,4.999942
_576_,VDD,Metal1,138.0875,121.9425,4.999943
_575_,VDD,Metal1,112.3200,105.4825,4.999908
_574_,VDD,Metal1,115.6300,97.4365,4.999966
_573_,VDD,Metal1,114.3330,98.4475,4.999966
_572_,VDD,Metal1,56.4530,184.8030,4.999977
_571_,VDD,Metal1,56.2900,191.5165,4.999998
_570_,VDD,Metal1,59.6625,176.6950,4.999982
_569_,VDD,Metal1,59.0900,183.6765,4.999977
_568_,VDD,Metal1,56.2700,183.6765,4.999977
_567_,VDD,Metal1,55.4565,176.8630,4.999982
_566_,VDD,Metal1,59.2600,168.1375,4.999985
_565_,VDD,Metal1,56.4430,168.9930,4.999985
_564_,VDD,Metal1,53.7430,175.9365,4.999982
_563_,VDD,Metal1,58.9400,176.0175,4.999982
_562_,VDD,Metal1,43.5800,176.8225,4.999982
_561_,VDD,Metal1,37.4130,176.9630,4.999982
_560_,VDD,Metal1,37.2300,184.8030,4.999977
_559_,VDD,Metal1,20.5800,168.9425,4.999987
_558_,VDD,Metal1,23.1000,183.8575,4.999979
_557_,VDD,Metal1,29.9500,183.6765,4.999977
_556_,VDD,Metal1,39.4900,175.8365,4.999982
_555_,VDD,Metal1,29.9860,168.9500,4.999986
_554_,VDD,Metal1,18.0600,176.0175,4.999982
_553_,VDD,Metal1,21.7230,175.9665,4.999982
_552_,VDD,Metal1,30.2230,160.2565,4.999985
_551_,VDD,Metal1,15.9100,160.2975,4.999985
_550_,VDD,Metal1,21.1865,161.1675,4.999985
_549_,VDD,Metal1,17.4600,161.1425,4.999985
_548_,VDD,Metal1,19.9300,152.4575,4.999960
_547_,VDD,Metal1,42.0400,153.1450,4.999945
_546_,VDD,Metal1,22.3000,160.2975,4.999985
_545_,VDD,Metal1,33.4600,152.4975,4.999945
_544_,VDD,Metal1,50.6700,167.9965,4.999985
_543_,VDD,Metal1,50.4165,144.5765,4.999950
_542_,VDD,Metal1,51.8475,152.4575,4.999943
_541_,VDD,Metal1,54.0175,90.4550,4.999964
_540_,VDD,Metal1,36.1300,89.5965,4.999971
_539_,VDD,Metal1,38.9300,89.5965,4.999971
_538_,VDD,Metal1,52.6565,74.9430,4.999983
_537_,VDD,Metal1,39.3065,114.2430,4.999949
_536_,VDD,Metal1,40.6400,105.4825,4.999912
_535_,VDD,Metal1,36.1100,105.2765,4.999912
_534_,VDD,Metal1,36.8430,121.0865,4.999940
_533_,VDD,Metal1,40.6100,120.9565,4.999940
_532_,VDD,Metal1,67.0830,114.1130,4.999951
_531_,VDD,Metal1,70.2900,122.0830,4.999939
_530_,VDD,Metal1,62.4625,113.3850,4.999950
_529_,VDD,Metal1,82.4865,90.6415,4.999966
_528_,VDD,Metal1,76.5800,90.5425,4.999966
_527_,VDD,Metal1,84.7265,42.6380,4.999938
_526_,VDD,Metal1,86.3800,50.5775,4.999907
_525_,VDD,Metal1,73.6300,50.3965,4.999907
_524_,VDD,Metal1,68.9500,50.5875,4.999907
_523_,VDD,Metal1,64.1100,58.2365,4.999938
_522_,VDD,Metal1,64.1100,50.3965,4.999907
_521_,VDD,Metal1,82.4865,51.4415,4.999907
_520_,VDD,Metal1,80.5000,50.5775,4.999907
_519_,VDD,Metal1,82.4865,59.2815,4.999938
_518_,VDD,Metal1,82.4600,67.0225,4.999933
_517_,VDD,Metal1,77.4600,74.9150,4.999983
_516_,VDD,Metal1,71.4225,74.1850,4.999983
_515_,VDD,Metal1,69.5475,75.0590,4.999983
_514_,VDD,Metal1,71.9500,67.2030,4.999937
_513_,VDD,Metal1,67.2700,67.0125,4.999940
_512_,VDD,Metal1,63.5500,67.2030,4.999940
_511_,VDD,Metal1,64.1300,75.0430,4.999983
_510_,VDD,Metal1,68.0300,73.9165,4.999983
_509_,VDD,Metal1,68.7630,105.4065,4.999901
_508_,VDD,Metal1,61.9025,106.1350,4.999903
_507_,VDD,Metal1,70.8500,113.1165,4.999953
_506_,VDD,Metal1,53.9900,106.2625,4.999907
_505_,VDD,Metal1,82.7130,97.5180,4.999965
_504_,VDD,Metal1,72.5100,89.5965,4.999963
_503_,VDD,Metal1,63.5700,114.2430,4.999950
_502_,VDD,Metal1,69.3465,97.5525,4.999968
_501_,VDD,Metal1,77.1400,97.6175,4.999968
_500_,VDD,Metal1,14.1000,90.5825,4.999971
_499_,VDD,Metal1,19.7400,113.2975,4.999964
_498_,VDD,Metal1,12.9800,74.0575,4.999984
_497_,VDD,Metal1,15.5400,74.0975,4.999984
_496_,VDD,Metal1,15.2200,27.0175,4.999972
_495_,VDD,Metal1,24.7800,27.0575,4.999972
_494_,VDD,Metal1,43.0200,20.0225,4.999976
_493_,VDD,Metal1,43.8200,27.0575,4.999964
_492_,VDD,Metal1,14.6600,34.8575,4.999976
_491_,VDD,Metal1,18.6200,34.8975,4.999976
_490_,VDD,Metal1,12.9800,59.2225,4.999943
_489_,VDD,Metal1,18.6200,58.4175,4.999943
_488_,VDD,Metal1,49.3800,20.0225,4.999975
_487_,VDD,Metal1,53.3400,19.9825,4.999975
_486_,VDD,Metal1,37.6200,42.6975,4.999947
_485_,VDD,Metal1,43.8200,42.7375,4.999947
_484_,VDD,Metal1,10.7400,121.9425,4.999942
_483_,VDD,Metal1,19.7400,121.1375,4.999942
_482_,VDD,Metal1,49.9400,114.1025,4.999949
_481_,VDD,Metal1,91.7400,27.0175,4.999954
_480_,VDD,Metal1,17.4600,90.5825,4.999971
_479_,VDD,Metal1,20.8600,97.6175,4.999971
_478_,VDD,Metal1,56.6400,105.4175,4.999907
_477_,VDD,Metal1,42.7900,97.5775,4.999969
_476_,VDD,Metal1,19.1400,81.8975,4.999959
_475_,VDD,Metal1,21.4200,74.0975,4.999984
_474_,VDD,Metal1,29.2200,27.8625,4.999965
_473_,VDD,Metal1,32.0600,27.0575,4.999965
_472_,VDD,Metal1,55.2075,50.5375,4.999907
_471_,VDD,Metal1,39.6600,50.5375,4.999917
_470_,VDD,Metal1,67.6600,34.8575,4.999975
_469_,VDD,Metal1,65.9400,27.8225,4.999955
_468_,VDD,Metal1,42.7900,59.2225,4.999940
_467_,VDD,Metal1,19.1400,50.5375,4.999924
_466_,VDD,Metal1,20.8600,42.7375,4.999950
_465_,VDD,Metal1,59.6875,50.5375,4.999907
_464_,VDD,Metal1,39.6600,51.3825,4.999917
_463_,VDD,Metal1,55.7300,66.0765,4.999941
_462_,VDD,Metal1,58.4200,106.2750,4.999906
_461_,VDD,Metal1,54.6400,89.8025,4.999963
_460_,VDD,Metal1,64.1100,89.5965,4.999963
_459_,VDD,Metal1,38.5465,81.8725,4.999957
_458_,VDD,Metal1,20.8200,66.2175,4.999954
_457_,VDD,Metal1,23.1000,58.4175,4.999944
_456_,VDD,Metal1,50.1100,73.9165,4.999983
_455_,VDD,Metal1,41.9065,66.1925,4.999950
_454_,VDD,Metal1,44.3400,74.0575,4.999984
_453_,VDD,Metal1,74.3800,27.8625,4.999955
_452_,VDD,Metal1,71.8200,27.8225,4.999955
_451_,VDD,Metal1,55.6700,67.0625,4.999941
_450_,VDD,Metal1,40.0300,59.3630,4.999941
_449_,VDD,Metal1,50.3000,42.6975,4.999938
_448_,VDD,Metal1,51.1000,50.5775,4.999908
_447_,VDD,Metal1,41.9500,67.0625,4.999950
_446_,VDD,Metal1,50.1600,66.9975,4.999945
_445_,VDD,Metal1,14.1000,121.9425,4.999942
_444_,VDD,Metal1,24.2200,121.1375,4.999942
_443_,VDD,Metal1,51.9800,114.1025,4.999949
_442_,VDD,Metal1,57.3000,114.1150,4.999949
_441_,VDD,Metal1,48.4900,105.4175,4.999909
_440_,VDD,Metal1,44.5100,58.2365,4.999940
_439_,VDD,Metal1,95.1000,27.0175,4.999954
_438_,VDD,Metal1,51.9800,121.9425,4.999940
_437_,VDD,Metal1,49.3730,128.9125,4.999981
_436_,VDD,Metal1,43.6630,129.8230,4.999981
_435_,VDD,Metal1,51.4500,129.7325,4.999981
_434_,VDD,Metal1,68.9965,136.7665,4.999957
_433_,VDD,Metal1,178.4600,106.2750,4.999944
_432_,VDD,Metal1,177.8225,105.5450,4.999944
_431_,VDD,Metal1,170.4200,137.6350,4.999962
_430_,VDD,Metal1,174.8100,145.5180,4.999956
_429_,VDD,Metal1,172.6600,128.9250,4.999986
_428_,VDD,Metal1,176.4900,128.8815,4.999986
_427_,VDD,Metal1,178.3500,113.1165,4.999961
_426_,VDD,Metal1,171.1025,50.6650,4.999975
_425_,VDD,Metal1,181.1700,113.1165,4.999961
_424_,VDD,Metal1,165.3800,42.6850,4.999948
_423_,VDD,Metal1,168.6500,43.5980,4.999950
_422_,VDD,Metal1,185.7400,42.6850,4.999950
_421_,VDD,Metal1,167.5300,35.7580,4.999980
_420_,VDD,Metal1,181.0600,59.2350,4.999959
_419_,VDD,Metal1,174.8100,59.2780,4.999959
_418_,VDD,Metal1,176.7800,58.3650,4.999959
_417_,VDD,Metal1,174.2500,67.1180,4.999942
_416_,VDD,Metal1,180.0300,81.7565,4.999970
_415_,VDD,Metal1,175.5825,82.0250,4.999970
_414_,VDD,Metal1,180.0300,73.9165,4.999989
_413_,VDD,Metal1,178.3500,90.7230,4.999970
_412_,VDD,Metal1,176.1425,97.7050,4.999972
_411_,VDD,Metal1,180.6100,89.5965,4.999970
_410_,VDD,Metal1,148.3000,153.3025,4.999984
_409_,VDD,Metal1,148.4150,161.2600,4.999989
_408_,VDD,Metal1,138.0900,168.9825,4.999986
_407_,VDD,Metal1,141.2130,169.0075,4.999986
_406_,VDD,Metal1,134.3000,176.8225,4.999985
_405_,VDD,Metal1,135.7500,183.8175,4.999984
_404_,VDD,Metal1,140.6530,183.7925,4.999984
_403_,VDD,Metal1,133.3800,183.8175,4.999984
_402_,VDD,Metal1,150.8700,176.8225,4.999987
_401_,VDD,Metal1,156.9200,176.8375,4.999987
_400_,VDD,Metal1,157.5000,183.8575,4.999985
_399_,VDD,Metal1,154.3800,191.6450,4.999998
_398_,VDD,Metal1,157.2430,191.6465,4.999998
_397_,VDD,Metal1,161.9800,183.8575,4.999985
_396_,VDD,Metal1,177.2900,183.8175,4.999986
_395_,VDD,Metal1,178.2100,176.0490,4.999989
_394_,VDD,Metal1,179.3400,176.7825,4.999989
_393_,VDD,Metal1,174.2600,160.2975,4.999989
_392_,VDD,Metal1,179.2150,160.1800,4.999989
_391_,VDD,Metal1,169.7730,153.3275,4.999984
_390_,VDD,Metal1,173.7000,175.9775,4.999988
_389_,VDD,Metal1,175.3800,176.8225,4.999988
_388_,VDD,Metal1,177.9865,168.1125,4.999988
_387_,VDD,Metal1,158.5875,129.9390,4.999985
_386_,VDD,Metal1,163.0675,128.7805,4.999985
_385_,VDD,Metal1,155.2275,42.5405,4.999943
_384_,VDD,Metal1,158.5875,28.0190,4.999972
_383_,VDD,Metal1,169.5725,28.0190,4.999972
_382_,VDD,Metal1,156.9075,51.5390,4.999971
_381_,VDD,Metal1,157.4675,67.2190,4.999939
_380_,VDD,Metal1,158.5875,75.0590,4.999987
_379_,VDD,Metal1,158.5875,90.7390,4.999968
_378_,VDD,Metal1,168.1075,106.4190,4.999944
_377_,VDD,Metal1,130.0275,161.2990,4.999988
_376_,VDD,Metal1,118.2675,153.4590,4.999981
_375_,VDD,Metal1,109.3075,136.6205,4.999959
_374_,VDD,Metal1,95.8675,129.9390,4.999982
_373_,VDD,Metal1,165.6600,153.3025,4.999984
_372_,VDD,Metal1,186.9465,144.5925,4.999956
_371_,VDD,Metal1,64.1100,136.6365,4.999957
_370_,VDD,Metal1,38.3500,129.9230,4.999981
_369_,VDD,Metal1,44.6830,160.2865,4.999985
_368_,VDD,Metal1,46.2225,152.5850,4.999943
_367_,VDD,Metal1,28.8500,144.4765,4.999952
_366_,VDD,Metal1,34.6030,153.3130,4.999945
_365_,VDD,Metal1,36.3000,160.2975,4.999985
_364_,VDD,Metal1,29.4100,136.6365,4.999956
_363_,VDD,Metal1,59.5400,136.7650,4.999956
_362_,VDD,Metal1,46.1900,128.7965,4.999981
_361_,VDD,Metal1,50.1300,89.5965,4.999964
_360_,VDD,Metal1,43.1700,98.4225,4.999969
_359_,VDD,Metal1,41.6700,81.8975,4.999957
_358_,VDD,Metal1,36.8600,66.2175,4.999951
_357_,VDD,Metal1,48.6200,160.2975,4.999985
_356_,VDD,Metal1,42.7400,152.4450,4.999945
_355_,VDD,Metal1,31.4600,153.3025,4.999946
_354_,VDD,Metal1,32.7335,176.0100,4.999982
_353_,VDD,Metal1,32.5800,176.8225,4.999982
_352_,VDD,Metal1,51.2900,176.8225,4.999982
_351_,VDD,Metal1,103.4200,27.0050,4.999954
_350_,VDD,Metal1,101.1800,27.0050,4.999954
_349_,VDD,Metal1,109.0200,98.4350,4.999966
_348_,VDD,Metal1,102.3000,58.3650,4.999939
_347_,VDD,Metal1,100.0600,58.3650,4.999939
_346_,VDD,Metal1,107.9000,42.6850,4.999938
_345_,VDD,Metal1,89.9800,90.5950,4.999966
_344_,VDD,Metal1,73.1800,136.7650,4.999957
_343_,VDD,Metal1,32.6600,129.7950,4.999981
_342_,VDD,Metal1,55.8200,114.1150,4.999949
_341_,VDD,Metal1,49.4600,90.5950,4.999964
_340_,VDD,Metal1,48.5400,58.3650,4.999938
_339_,VDD,Metal1,64.2200,176.8350,4.999983
_338_,VDD,Metal1,45.1800,184.6750,4.999977
_337_,VDD,Metal1,28.7400,175.9650,4.999982
_336_,VDD,Metal1,33.2200,160.2850,4.999985
_335_,VDD,Metal1,52.4600,160.2850,4.999985
_334_,VDD,Metal1,177.1400,152.4450,4.999984
